tax_reg_ident,legal_unit_tax_reg_ident,name,birth_date,death_date,physical_region_code,primary_activity_category_code,secondary_activity_category_code,employees
"812948652","988527025","ØYVIND VÅGNES","2012-01-01","","4601","90.034","",""
"813994062","985399077","MATTILSYNET LOKASJON YTTERØY","2014-01-01","","5037","71.200","",""
"815520092","939991034","PORSGRUNN KOMMUNE BLÅVEISKROKEN BOFELLESSKAP","2008-01-01","","4001","87.302","","51"
"816369762","939991034","PORSGRUNN KOMMUNE PSYKISK HELSETJENESTE OG RUSOMSORG AVD RASCHEBAKKEN DAGSENTER","2015-12-01","","4001","88.102","","15"
"817575412","939991034","PORSGRUNN KOMUNE JUPITER RING BOFELLESSKAP","2016-08-01","","4001","87.909","","23"
"817620272","916024649","CUTTERS AS AVD TORGGATA OSLO","2016-09-01","","0301","96.020","",""
"818349432","916024649","CUTTERS AS AVD KVADRAT","2016-12-04","","1108","96.020","","7"
"818384882","970954406","FUNKSJONSHEMMEDES FELLESORGANISASJON FFO AVD AUST-AGDER","2018-01-01","","4203","94.991","",""
"819059462","916024649","CUTTERS AS AVD VESTRE TORGGATE","2017-06-03","","4601","96.020","",""
"819233012","916024649","CUTTERS AS AVD MOSS","2017-08-01","","3103","96.020","",""
"820165942","916024649","CUTTERS AS AVD JEKTA STORSENTER","2018-01-01","","5501","96.020","",""
"820639782","970954406","FUNKSJONSHEMMEDES FELLESORGANISASJON FFO AVD ASKER","2018-01-01","","3203","94.991","",""
"820723902","916024649","CUTTERS AS AVD KOCH SENTER","2018-05-01","","1804","96.020","",""
"822710042","985399077","MATTILSYNET LOKASJON BARDUFOSS","2019-05-01","","5524","71.200","","5"
"823125402","916024649","CUTTERS AS AVD ULLEVÅLSVEIEN","2019-06-15","","0301","96.020","",""
"823754272","996004953","SAMEIET SKOLETORGET","","","3405","","",""
"824604762","916024649","CUTTERS AS AVD AMFI ALTA","2020-03-01","","5601","96.020","",""
"824909032","924875860","VIKEN REP & MONTERING","2020-03-27","","3107","45.320","45.200",""
"825551212","985399077","MATTILSYNET LOKASJON LONGYEARBYEN","2020-08-01","","2100","71.200","",""
"832232602","928062813","PETRA CASALE","2023-09-01","","0301","90.012","",""
"832852872","932750090","NEVROPSYKOLOG PÉREZ TESEYRA","2024-01-01","","3201","86.905","",""
"871834962","922853746","TEXT & DATA AS","1971-12-29","","0301","46.510","",""
"873771682","970954406","FUNKSJONSHEMMEDES FELLESORGANISASJON FFO AVD TRONDHEIM","","","5001","94.991","",""
"873980672","911830868","VESTFOLD FRIOMSORGSKONTOR","","","3905","84.230","","42"
"874493082","911830868","SOGN OG FJORDANE FRIOMSORGSKONTOR FLORØ","1995-05-02","","4602","84.230","","9"
"874546712","974793741","SENJA VIDEREGÅENDE SKOLE AVD GIBOSTAD","","","5530","85.320","","52"
"874561312","985399077","MATTILSYNET LOKASJON DRAMMEN","","","3301","71.200","","23"
"874564702","939991034","FREDNES SYKEHJEM","","","4001","87.102","","130"
"874576212","985399077","MATTILSYNET LOKASJON KONGSVINGER","","","3401","71.200","","9"
"874718602","911830868","OSLO FENGSEL","","","0301","84.230","","285"
"874719552","911830868","AUKLEND OVERGANGSBOLIG","","","1103","84.230","","21"
"874730092","911830868","SØNDRE VESTFOLD FENGSEL BERG AVDELING","","","3905","84.230","","49"
"874730122","911830868","SØNDRE VESTFOLD FENGSEL LARVIK AVDELING","","","3909","84.230","","29"
"874736902","911830868","STAVANGER FENGSEL","","","1103","84.230","","91"
"874748382","911830868","BODØ FENGSEL","","","1804","84.230","","101"
"874750212","985399077","MATTILSYNET LOKASJON OPPDAL","","","5021","71.200","",""
"874886572","911830868","SØR-TRØNDELAG FRIOMSORGSKONTOR AVD TRONDHEIM","","","5001","84.230","","38"
"875277952","939991034","TVETEN SKOLE","1969-02-01","","4001","85.201","","56"
"875278002","939991034","HEISTADSKOLENE AVD UNGDOM","1969-02-01","","4001","85.201","","54"
"875307002","939991034","HOVENGA BARNEHAGE","1989-01-01","","4001","88.911","","19"
"875316532","970145311","OREBAKKEN BARNEHAGE","1989-01-02","","0301","88.911","","15"
"883067002","982961564","SABAH GORAN","2001-01-15","","3103","86.211","",""
"883641892","939991034","HEISTADSKOLENE AVD MARIHØNA SPESIALAVDELING","2001-08-01","","4001","88.911","",""
"886309422","985399077","MATTILSYNET LOKASJON BØ I TELEMARK","2004-01-01","","4020","84.130","",""
"888085912","939991034","HEISTADSKOLENE AVD SFO","2004-01-01","","4001","88.913","","23"
"888086102","939991034","STRIDSKLEV SKOLE SFO","2004-01-01","","4001","88.913","","17"
"888086722","939991034","PORSGRUNN KOMMUNE VANNTÅRNET OMSORGSBOLIGER","2004-01-01","","4001","87.302","","46"
"888087672","939991034","BORGEHAVEN BO- OG REHABILITERINGSSENTER AVD REHABILITERINGSTJENESTEN","2003-09-15","","4001","86.902","","19"
"888089322","939991034","PORSGRUNN KOMMUNE ARBEIDSGIVERKONTROLLEN","2003-09-15","","4001","84.110","",""
"890286712","911830868","BJØRGVIN FENGSEL","2006-10-01","","4601","84.230","","131"
"892179832","992149248","RIBE RETTSHJELP","2008-01-02","","3207","69.100","",""
"895075132","986838988","VESTRE TOTEN KOMMUNE YTTERSKOGVEGEN OMSORGSBOLIGER","2010-01-01","","3443","87.203","","85"
"897436272","939991034","PORSGRUNN KOMMUNE SAFIRVEIEN BOFELLESSKAP","2011-10-01","","4001","87.909","",""
"897598582","974793741","PPT FOR VIDEREGÅENDE OPPLÆRING AVD MIDT-TROMS","2011-10-01","","5530","85.601","",""
"899173252","970145311","FRITIDSTILTAK UTVIKLINGSHEMMEDE","2012-11-01","","0301","88.999","","8"
"911570599","999659497","OE BYGG & INVEST AS","2013-01-24","","3301","68.100","",""
"911950006","914242185","DAIDO BYGG AS","2013-04-05","","3103","41.200","","11"
"911956128","985399077","MATTILSYNET LOKASJON OTTA ULAVEGEN","2013-05-01","","3437","71.200","",""
"912314154","986838988","VESTRE TOTEN KOMMUNE GIMLEVEGEN OMSORGSBOLIGER","2013-08-01","","3443","87.302","","74"
"912460754","912444899","SUGAR SHOP AS","2013-07-10","","0301","47.772","","6"
"912913066","954269361","A JOHS SANDVIK Harald Johan Sandvi","2012-01-01","","4615","47.111","",""
"913034678","939991034","VESTSIDEN BARNEHAGE","2014-01-01","","4001","88.911","","54"
"913043936","931536532","OBOS PROSJEKT AS AVD TRONDHEIM","2014-01-01","","5001","71.121","",""
"913300831","970954406","FUNKSJONSHEMMEDES FELLESORGANISASJON FFO AVD VEST-AGDER","2018-01-01","","4204","94.991","",""
"913314786","970954406","FUNKSJONSHEMMEDES FELLESORGANISASJON FFO AVD TELEMARK","2018-01-01","","4003","94.991","",""
"913387643","970954406","FUNKSJONSHEMMEDES FELLESORGANISASJON FFO AVD SOGN OG FJORDANE","2018-01-01","","4647","94.991","",""
"913536703","913481321","FOLLO SPORT AS","2014-05-05","","3207","47.641","","10"
"913561414","986838988","VESTRE TOTEN KOMMUNE FORSTERKET BOLIG","2014-04-01","","3443","87.302","",""
"913759125","970954406","FUNKSJONSHEMMEDES FELLESORGANISASJON FFO AVD TROMS","2018-01-01","","5501","94.991","",""
"913815599","985399077","MATTILSYNET LOKASJON VOSS","2014-01-01","","4621","71.200","",""
"913864379","985399077","MATTILSYNET LOKASJON RENDALEN","2014-07-01","","3424","71.200","",""
"913992598","985399077","MATTILSYNET LOKASJON ELVERUM INDUSTRIGATA","2014-01-01","","3420","71.200","",""
"913992741","985399077","MATTILSYNET LOKASJON MERÅKER","2014-01-01","","5034","71.200","",""
"913994191","985399077","MATTILSYNET LOKASJON KVÅL","2014-01-01","","5028","71.200","",""
"913994280","985399077","MATTILSYNET LOKASJON HOMMELVIK","2014-01-01","","5031","71.200","","14"
"913994442","985399077","MATTILSYNET LOKASJON STEINKJER HAMNEGATA 28","2014-01-01","","5006","71.200","","13"
"913995945","985399077","MATTILSYNET LOKASJON LEVANGER KIRKEGATA","2014-01-01","","5037","71.200","",""
"914078792","985399077","MATTILSYNET LOKASJON ØLEN","2014-01-01","","1160","71.200","","12"
"914078903","985399077","MATTILSYNET LOKASJON STØREN ENGAN BYGGET","2014-01-01","","5027","71.200","",""
"914099129","926721682","UTMARKSDOMSTOLEN FOR FINNMARK TROMSØ","2014-09-01","","5501","84.230","",""
"914251567","931536532","OBOS PROSJEKT AS AVD BERGEN","2014-10-01","","4601","71.121","",""
"914611032","939991034","PORSGRUNN KOMMUNE BADEBETJENTER PORSGRUNNSHALLEN","2014-12-01","","4001","93.110","","26"
"914611067","939991034","PORSGRUNN KOMMUNE BADEBETJENTER STRIDSKLEVHALLEN","2014-12-01","","4001","93.110","","24"
"914611091","939991034","PORSGRUNN KOMMUNE LUNDEDALEN FRITIDSSENTER","2014-12-01","","4001","88.914","",""
"914611121","939991034","PORSGRUNN KOMMUNE STRIDSKLEV FRITIDSSENTER","2014-12-01","","4001","88.914","",""
"914611296","939991034","PORSGRUNN KOMMUNE MERIERIGÅRDEN FRITIDSSENTER","2014-12-01","","4001","88.914","","11"
"915455336","970145311","FAMILIESENTERET HOVSETER","2014-06-01","","0301","88.992","",""
"915478263","985399077","MATTILSYNET LOKASJON HÆRLAND SLORAVEIEN 60","2015-05-01","","3118","71.200","","6"
"915519849","939991034","PORSGRUNN KOMMUNE BOKOLLEKTIVET VEST","2001-01-01","","4001","87.303","",""
"915521959","939991034","PORSGRUNN KOMMUNE GUNNIGATA BOFELLESSKAP","2008-01-01","","4001","87.303","",""
"915521983","939991034","PORSGRUNN KOMMUNE OSEBRO BOFELLESSKAP","2007-01-01","","4001","87.303","","35"
"915553354","974793741","ISHAVSBYEN VIDEREGÅENDE SKOLE","2015-08-01","","5501","85.320","","184"
"915879942","915792553","DFDS SPEDITION NORGE AS","2015-06-10","","0301","52.291","",""
"916007299","931536532","OBOS PROSJEKT AS AVD NORDVEST","2015-09-29","","1508","71.121","",""
"916071663","916024649","CUTTERS AS AVD VETRLIDSALLMENNINGEN BERGEN","2015-09-23","","4601","96.020","",""
"916071809","970145311","OSLO KOMMUNE HOLMENVEIEN 7 BOFELLESSKAP","2015-10-01","","0301","87.303","","22"
"916102615","970954406","FUNKSJONSHEMMEDES FELLESORGANISASJON FFO AVD BUSKERUD","2018-01-01","","3314","94.991","",""
"916369115","939991034","PORSGRUNN KOMMUNE PSYKISK HELSETJENESTE OG RUSOMSORG AVD RUSTEAM","2015-12-01","","4001","88.997","","11"
"916369158","939991034","PORSGRUNN KOMMUNE PSYKISK HELSETJENESTE OG RUSOMSORG AVD PSYKISK HELSETJENESTE","2015-12-01","","4001","86.901","",""
"916369212","939991034","PORSGRUNN KOMMUNE PSYKISK HELSETJENESTE OG RUSOMSORG AVD FELTPLEIEN","2015-12-01","","4001","86.904","","15"
"916369271","939991034","PORSGRUNN KOMMUNE PSYKISK HELSETJENESTE OG RUSOMSORG AVD BOTEAM","2015-12-01","","4001","86.901","",""
"916369573","939991034","PORSGRUNN KOMMUNE PSYKISK HELSETJENESTE OG RUSTEAM AVD NATTHJEM","2015-12-01","","4001","88.997","","19"
"916369670","939991034","PORSGRUNN KOMMUNE PSYKISK HELSETJENESTE OG RUSOMSORG AVD DAGSENTER RUS FEISELVEIEN","2015-12-01","","4001","88.102","","14"
"916369883","939991034","PORSGRUNN KOMMUNE PSYKISK HELSETJENESTE OG RUSOMSORG AVD LEIRKUP","2015-12-01","","4001","87.303","","29"
"916383800","969349876","HESLIEN ANDREAS","2014-01-01","","3316","81.300","",""
"916811519","916800126","EXORZICE","2016-08-01","","1508","96.040","",""
"916942249","928808084","LINDAL MODUL AS AVD GRIMSTAD","2016-04-01","","4202","71.112","",""
"917051925","970954406","FUNKSJONSHEMMEDES FELLESORGANISASJON FFO AVD OPPLAND","","","3407","94.991","",""
"917097569","926417371","TANNLEGE INGRID ANDERSBAKKEN AS","2016-04-01","","1566","86.230","",""
"917157758","916024649","CUTTERS AS AVD OSLO CITY","2016-05-12","","0301","96.020","","7"
"917277826","939991034","PORSGRUNN KOMMUNE MARMORVEIEN BOFELLESSKAP","2016-06-01","","4001","87.909","","22"
"917277869","939991034","PORSGRUNN KOMMUNE ØVRE LUNDEVEI BOFELLESSKAP","2016-06-01","","4001","87.909","",""
"917369259","916024649","CUTTERS AS AVD HAMMERSBORGGATA OSLO","2016-06-24","","0301","96.020","",""
"917620326","916024649","CUTTERS AS AVD XHIBITION SHOPPING SENTER","2016-09-01","","4601","96.020","",""
"917898057","916024649","CUTTERS AS AVD SOLSIDEN SENTER","2016-11-01","","5001","96.020","","6"
"917898324","916024649","CUTTERS AS AVD STOVNER SENTER OSLO","2016-11-17","","0301","96.020","",""
"918125647","939991034","PORSGRUNN FRIVILLIGSENTRAL","2016-01-01","","4001","88.999","",""
"918143505","939991034","PORSGRUNN KOMMUNE KOMMUNALTEKNIKK AVD VANN","2016-01-01","","4001","36.000","","14"
"918143580","939991034","PORSGRUNN KOMMUNE KOMMUNAL TEKNIKK AVD AVLØP","2016-01-01","","4001","37.000","","39"
"918143653","939991034","PORSRUNN KOMMUNE KOMMUNALTEKNIKK AVD ADMINISTRASJON","2016-01-01","","4001","84.130","",""
"918143696","939991034","PORSGRUNN KOMMUNE KOMMUNALTEKNIKK AVD GRØNT","2016-01-01","","4001","81.300","","11"
"918143807","939991034","PORSGRUNN KOMMUNE KOMMUNALTEKNIKK AVD KIRKEGÅRDSDRIFT","2016-01-01","","4001","96.030","",""
"918357696","916024649","CUTTERS AS AVD AMFI VÅGEN","2017-01-28","","1108","96.020","",""
"918357769","916024649","CUTTERS AS AVD STORTINGSGATA","2017-02-11","","0301","96.020","",""
"918357823","916024649","CUTTERS AS AVD SØRLANDSSENTERET","2017-02-11","","4204","96.020","","6"
"918383433","970954406","FUNKSJONSHEMMEDES FELLESORGANISASJON FFO AVD HEDMARK","2018-01-01","","3420","94.991","",""
"918502211","916024649","CUTTERS AS AVD SKI STORSENTER 1. ETG","2017-03-01","","3207","96.020","","7"
"918559426","916024649","CUTTERS AS AVD SANDENS","2017-02-02","","4204","96.020","","7"
"918559477","916024649","CUTTERS AS AVD AMFI MADLA","2017-02-02","","1103","96.020","","8"
"918779094","916024649","CUTTERS AS AVD LAGUNEN STORSENTER","2017-03-08","","4601","96.020","","11"
"918826424","916024649","CUTTERS AS AVD OSLO LUFTHAVN","2017-04-20","","3209","96.020","","5"
"919059508","916024649","CUTTERS AS AVD MARKENS","2017-06-03","","4204","96.020","",""
"919083298","918993096","PERNILLE SKI TORP","2017-05-01","","0301","90.035","",""
"919132493","939991034","VESTSIDEN SYKEHJEM","2017-09-01","","4001","87.102","","183"
"919199679","939991034","PORSGRUNN KOMMUNE RÅDMANNENS STAB","2017-07-01","","4001","84.110","","19"
"919232978","916024649","CUTTERS AS AVD TRIADEN","2017-08-01","","3222","96.020","",""
"919233095","916024649","CUTTERS AS AVD DRAMMEN","2017-08-01","","3301","96.020","",""
"919233230","916024649","CUTTERS AS AVD GRORUD SENTER","2017-08-01","","0301","96.020","",""
"919299762","939991034","PORSGRUNN KOMMUNES KJØKKENTJENESTE","2017-08-01","","4001","87.102","","25"
"919541210","916024649","CUTTERS AS AVD PILESTREDET","2017-09-15","","0301","96.020","",""
"919580593","916024649","CUTTERS AS AVD ADMINSTASJONSKONTOR","2017-10-01","","0301","96.020","","25"
"919601655","916024649","CUTTERS AS AVD GUNERIUS","2017-10-01","","0301","96.020","",""
"919907916","916024649","CUTTERS AS AVD OASEN","2017-11-14","","4601","96.020","","7"
"919938153","986838988","VESTRE TOTEN KOMMUNE HJEMMETJENESTER","2018-01-01","","3443","86.901","","130"
"919938234","986838988","VESTRE TOTEN KOMMUNE DAGSENTER GIMLE","2017-11-15","","3443","88.102","","13"
"919938447","916024649","CUTTERS AS AVD ULLEVÅL","2017-05-15","","0301","96.020","","7"
"919982624","916024649","CUTTERS AS AVD METRO","2017-02-20","","3222","96.020","","5"
"920028241","916024649","CUTTERS AS AVD CITY LADE","2017-12-05","","5001","96.020","",""
"920165869","916024649","CUTTERS AS AVD GRENSEN","2018-03-01","","0301","96.020","",""
"920166008","916024649","CUTTERS AS AVD OLAV KYRRES GATE","2018-01-01","","4601","96.020","","6"
"920166075","916024649","CUTTERS AS AVD GULSKOGEN SENTER","2018-02-01","","3301","96.020","","7"
"920166113","916024649","CUTTERS AS AVD KARENSLYST ALLE","2018-04-01","","0301","96.020","",""
"920166172","916024649","CUTTERS AS AVD STRØMMEN STORSENTER","2018-01-01","","3205","96.020","","11"
"920166202","916024649","CUTTERS AS AVDTORVBYEN SENTER","2018-02-01","","3107","96.020","",""
"920166237","916024649","CUTTERS AS AVD VINTERBRO SENTER","2018-03-01","","3218","96.020","","10"
"920166261","916024649","CUTTERS AS AVD PARKVEIEN","2018-02-01","","0301","96.020","",""
"920346294","920191665","VETERINÆR KINE MARI KLØVERØD","2018-01-01","","3220","75.000","",""
"920349951","920201547","STORAMYR BIL AS","2018-01-01","","1149","45.112","",""
"920473709","916024649","CUTTERS AS AVD TORGKVARTALET","2018-03-01","","5035","96.020","",""
"920473741","916024649","CUTTERS AS AVD PRINSENS GATE 25","2018-03-01","","0301","96.020","",""
"920473989","916024649","CUTTERS AS AVD THORVALD MEYERS GATE 37","2018-03-01","","0301","96.020","",""
"920495605","916024649","CUTTERS AS AVD NERSTRANDA SENTER","2018-03-01","","5501","96.020","",""
"920666167","916024649","CUTTERS AS AVD BOGSTADVEIEN 20","2017-10-01","","0301","96.020","","10"
"920926665","916024649","CUTTERS AS AVD SØREGATA 11","2018-08-01","","1103","96.020","",""
"921188153","916024649","CUTTERS AS AVD JESSHEIM SENTER","2018-09-01","","3209","96.020","","7"
"921455186","916024649","CUTTERS AS AVD AMFI MOA","2018-10-01","","1508","96.020","",""
"921484070","921270747","DIN YOGA","2018-08-08","","4624","85.510","",""
"921562578","916024649","CUTTERS AS AVD LAGUNEN 2","2018-11-01","","4601","96.020","",""
"921562586","916024649","CUTTERS AS AVD BERGEN STORSENTER","2018-11-01","","4601","96.020","","5"
"921562594","916024649","CUTTERS AS AVD MUNKEGATA 33","2018-11-01","","5001","96.020","",""
"921670400","939991034","PORSGRUNN KOMMUNE FRISKLIV","2018-11-01","","4001","86.904","",""
"921750463","970145311","RØAHAGAN BOFELLESSKAP","2018-11-01","","0301","87.303","","31"
"921783728","998340403","Å ENERGI FORNYBAR FORVALTNING AS AVD BÆRUM","2018-09-01","","3201","35.140","",""
"921805578","939991034","PORSGRUNN KOMMUNE BORGEHAVEN AVD ADMINISTRASJON","2018-11-01","","4001","86.904","","18"
"921840020","939991034","PORSGRUNN KOMMUNE AMBULERENDE INNSATSTEAM","2019-01-01","","4001","86.901","","5"
"921851448","916024649","CUTTERS AS AVD VESTKANTEN SENTER","2019-01-01","","4601","96.020","","7"
"921851480","916024649","CUTTERS AS AVD HAMBROS PLASS","2019-01-01","","0301","96.020","",""
"921965605","931536532","OBOS PROSJEKT AS AVD ØSTFOLD","2019-01-01","","3107","71.121","","5"
"921967497","916024649","CUTTERS AS AVD SARTOR SENTER","2019-01-01","","4626","96.020","","7"
"921967519","916024649","CUTTERS AS AVD CC VEST","2019-01-01","","0301","96.020","","8"
"922082170","821983452","RUNA SVARE","2018-12-17","","5001","90.011","",""
"922100640","916024649","CUTTERS AS AVD FROGNERVEIEN","2018-12-01","","0301","96.020","",""
"922107440","916024649","CUTTERS AS AVD AMFI ORKANGER","2019-02-01","","5059","96.020","",""
"922264031","916024649","CUTTERS AS AVD CC HAMAR","2019-04-01","","3403","96.020","",""
"922264082","916024649","CUTTERS AS AVD CITY NORD","2019-04-01","","1804","96.020","",""
"922264139","916024649","CUTTERS AS AVD TVEDTSENTERET","2019-04-01","","1103","96.020","",""
"922264201","916024649","CUTTERS AS AVD ÅSANE STORSENTER","2019-03-01","","4601","96.020","","6"
"922264260","916024649","CUTTERS AS AVD SANDVIKA STORSENTER","2019-03-01","","3201","96.020","","6"
"922443947","920280528","VÅGÅ SAU OG GEIT","","","3435","94.120","",""
"922456119","919610859","FLATEBY BÅTFORENING","","","3220","94.991","",""
"922700451","916024649","CUTTERS AS AVD KONGSBERG STORTORVET","2019-06-01","","3303","96.020","",""
"922788111","922669368","AILIN JEANETT INTERIØR & DESIGN AS","2019-01-01","","3205","74.103","",""
"922893640","939991034","MARISTIEN BARNEHAGE","2019-05-01","","4001","88.911","","75"
"922939748","916024649","CUTTERS AS AVD BYPORTEN","2019-06-15","","0301","96.020","","5"
"922951853","916024649","CUTTERS AS AVD KARL JOHANS GATE 3","2019-09-01","","0301","96.020","",""
"922952825","916024649","CUTTERS AS AVD LAKSEVÅG SENTER","2019-07-31","","4601","96.020","",""
"923278451","940731895","SPAREBANK1 SR-BANK PENSJONSKASSE","","","1103","65.300","",""
"923457577","916024649","CUTTERS AS AVD HERKULES SENTER","2019-10-01","","4003","96.020","",""
"923457585","916024649","CUTTERS AS AVD AMFI OS","2019-10-01","","4624","96.020","",""
"923537724","911830868","AGDER FENGSEL AVD MANDAL","2019-10-01","","4205","84.230","","155"
"923537783","911830868","AGDER FENGSEL AVD FROLAND","2019-10-01","","4214","84.230","","237"
"923551735","916024649","CUTTERS AS AVD MAGASINET DRAMMEN","2019-10-04","","3301","96.020","","6"
"923572031","916024649","CUTTERS AS AVD SKI STORSENTER 2. ETG","2019-10-04","","3207","96.020","",""
"923626417","970145311","RØAKOLLEN SAMLOKALISERTE BOFELLESSKAP","2019-10-01","","0301","87.203","","16"
"923720332","916024649","CUTTERS AS AVD LILLEHAMMER","2019-11-01","","3405","96.020","",""
"923846239","923822550","FOLLO FLIS OG VÅTROM IMRE CSABA MADARASZ","2019-12-01","","3218","43.330","",""
"923893296","893159452","4BROTHERS INVEST AS","2018-01-01","","1160","41.109","",""
"923921761","992798068","OLSENBYGG AS","2018-01-01","","4202","41.200","",""
"924109882","922634084","SAMEIET KIRKEGTATEN 1C","","","4204","","",""
"924196076","929608208","RENHYGGE AS","2019-12-06","","5001","81.210","",""
"924403071","939991034","BREVIK HELSE- OG VELFERDSSENTRAL","2019-12-01","","4001","88.999","",""
"924463198","916024649","CUTTERS AS AVD DIAGONALE","2020-03-01","","0301","96.020","",""
"924485418","916024649","CUTTERS AS AVD JÆRHAGEN SENTER","2019-11-01","","1120","96.020","","5"
"924565012","824514852","OA AANESS ØDEGÅRD","2020-01-23","","0301","70.220","",""
"924577711","916024649","CUTTERS AS AVD STRANDTORGET LILLEHAMMER","2019-11-01","","3405","96.020","",""
"924577746","916024649","CUTTERS AS AVD AMFI KANEBOGEN","2020-02-14","","5503","96.020","",""
"924647965","916024649","CUTTERS AS AVD AMFI STEINKJER","2020-02-25","","5006","96.020","",""
"924813083","924750707","OKONS AS","2020-04-01","","4647","70.220","",""
"925092878","924417080","ØRN 4H","2020-05-19","","4649","88.995","",""
"925151521","916024649","CUTTERS AS AVD M44","2020-06-01","","1121","96.020","",""
"925234079","916024649","CUTTERS AS AVD BEKKESTUA SENTER","2020-07-01","","3201","96.020","","5"
"925234087","916024649","CUTTERS AS AVD AMFI ELVERUM","2020-07-01","","3420","96.020","",""
"925264024","916024649","CUTTERS AS AVD CITY SYD","2020-10-01","","5001","96.020","","8"
"925264032","916024649","CUTTERS AS AVD MAGNETEN SENTER","2020-07-01","","5037","96.020","",""
"925264040","916024649","CUTTERS AS AVD NARVIK STORSENTER","2020-07-01","","1806","96.020","",""
"925264059","916024649","CUTTERS AS AVD SIRKUS SHOPPING","2020-10-01","","5001","96.020","",""
"925264067","916024649","CUTTERS AS AVD TVEITA SENTER","2020-07-01","","0301","96.020","","6"
"925319783","925222240","HAGEN STIAN JOHANNES","2020-06-12","","3301","62.010","",""
"925482390","925416797","ATCAMPUS AS","2020-07-14","","0301","63.120","",""
"925669989","925560863","MOHAMED FAID","2020-08-24","","1108","49.320","",""
"925710741","925678848","BEU DRIFT AS","2020-09-08","","3207","68.320","",""
"925856827","916024649","CUTTERS AS AVD ALTI MANDAL","2020-11-01","","4205","96.020","",""
"925856835","916024649","CUTTERS AS AVD HORISONT","2020-11-01","","4601","96.020","",""
"925856843","916024649","CUTTERS AS AVD KIELLANDS HUS","2020-11-01","","0301","96.020","","5"
"925856851","916024649","CUTTERS AS AVD TRONDHEIMSVEIEN 110","2020-11-01","","0301","96.020","",""
"925999997","916024649","CUTTERS AS AVD AMANDA SENTER","2018-10-01","","1106","96.020","","6"
"926032291","925812714","ROGALAND INDUSTRINETT AS","2020-09-22","","1101","42.220","",""
"926170023","826147032","BERGE LANDBRUKSSERVICE AS","2020-11-17","","1160","01.610","",""
"926199404","916024649","CUTTERS AS AVD HOLMLIA SENTER","2021-02-01","","0301","96.020","",""
"926199447","916024649","CUTTERS AS AVD STORO SENTER","2021-06-01","","0301","96.020","","5"
"926309951","970145311","DIAKONVEIEN OMSORG+","2020-12-01","","0301","87.302","",""
"926322117","918785906","FANTASTISK HELSE AS","2020-09-01","","0301","62.010","",""
"926545558","970145311","HJEMMETJENESTEN VINDERN","2021-01-01","","0301","86.901","","66"
"927121891","927004925","FREYDIS LOVRA HOLEN","2021-04-09","","1103","74.103","",""
"927159201","970145311","HOLMENVEIEN BARNEHAGE","2021-07-01","","0301","88.911","","48"
"927792281","916024649","CUTTERS AS AVD ROMERIKSSENTERET","2021-11-01","","3209","96.020","",""
"927792354","916024649","CUTTERS AS ØSTERÅS SENTER","2021-11-01","","3201","96.020","",""
"928043320","939991034","PORSGRUNN KOMMUNE PSYKISK HELSETJENESTE OG RUSOMSORG AVD DALSKLEIVA","2021-11-01","","4001","87.303","","32"
"928043525","939991034","VESTSIDEN SYKEHJEM DAGTILBUD FOR PERSONER MED DEMENS","2021-11-01","","4001","88.102","",""
"928547620","928519317","AUGUST ÅSLEIN","2022-01-01","","0301","59.200","",""
"928792773","970145311","FRISKLIVSSENTRALEN BYDEL VESTRE AKER","2022-02-01","","0301","86.904","",""
"928840727","928808084","LINDAL MODUL AS AVD AKLAND","2022-02-15","","4201","16.231","","15"
"928921379","928892166","NYE TILLEN AS","2022-01-04","","0301","58.190","","6"
"928963713","928932176","SOLIDEZ AS","2022-04-01","","3203","41.200","","6"
"929274814","929262638","ROBERT VALENTI","2022-05-04","","3207","11.060","",""
"929280997","929106415","NAILS BY EMELIE","2022-04-01","","5028","96.020","",""
"929373634","939991034","PORSGRUNN KOMMUNE FAMILIEHELSETJENESTER FYSIOTERAPI","2022-06-16","","4001","86.902","",""
"929373707","939991034","PORSGRUNN KOMMUNE FAMILIEHELSETJENESTER FOREBYGGENDE","2022-06-16","","4001","86.904","","14"
"929373774","939991034","PORSGRUNN KOMMUNE FAMILIEHELSETJENESTER ERGOTERAPI","2022-06-16","","4001","86.909","",""
"929441397","929214110","SERGEI MEDVEDKOV","2022-04-04","","1108","85.522","",""
"929604369","929581644","FJÆRESTAD CAMZKYS MANAGEMENT","2022-07-25","","4601","90.011","",""
"929658566","929501772","SOLSTADBRUE","2022-08-18","","3326","94.991","",""
"929795660","929504399","BBVASK BOBER","2022-06-01","","1121","81.210","",""
"930079855","916024649","CUTTERS AS AVD KILDEN SENTER","2022-11-01","","1103","96.020","",""
"930087041","929942884","ANNETTE WEUM","2022-09-12","","3310","86.211","",""
"930350095","916024649","CUTTERS AS AVD KLINGENBERGGATA","2022-11-01","","0301","96.020","",""
"930350184","916024649","CUTTERS AS AVD LINDERUD SENTER","2022-12-01","","0301","96.020","",""
"930423882","969908638","TERJE GRÆE","2021-01-01","","4621","02.200","",""
"930670731","916024649","CUTTERS AS AVD BUSKERUD STORSENTER","2023-02-01","","3301","96.020","",""
"930724785","974793741","NETTSKOLEN TROMS","2022-09-01","","5501","85.310","85.594","29"
"930726893","939991034","PORSGRUNN KOMMUNE HJEMMETJENESTEN ØST/VEST AVD PRAKTISK BESTAND","2023-01-01","","4001","88.101","","6"
"930867187","939991034","PORSGRUNN KOMMUNE AVD BOENHETER","2023-02-20","","4001","87.302","","14"
"931041231","916024649","CUTTERS AS AVD DOWN TOWN","2023-03-25","","4001","96.020","",""
"931041290","916024649","CUTTERS AS AVD SKEDSMO SENTER","2023-03-25","","3205","96.020","",""
"931041622","916024649","CUTTERS AS AVD CC GJØVIK","2023-03-25","","3407","96.020","",""
"931041738","916024649","CUTTERS AS AVD CC DRAMMEN","2023-03-16","","3301","96.020","",""
"931171194","931011383","MARIE ENGEHAGEN","2023-03-05","","4215","86.211","",""
"931364758","931338455","GREENERWAY AS","2023-04-20","","3107","71.129","","14"
"931390651","998340403","Å ENERGI FORNYBAR FORVALTNING AS AVD DRAMMEN","2023-03-01","","3301","35.140","",""
"931413724","916024649","CUTTERS AS AVD FLESLAND","2023-05-25","","4601","96.020","",""
"931424378","974793741","EKSAMENSKONTORET I TROMS","2023-05-01","","5501","85.609","",""
"931550829","931416758","NITTEDAL KIRKEAKADEMI.","2023-06-09","","3232","94.991","",""
"931579630","939991034","PORSGRUNN KOMMUNE HÅVUNDVEGEN BOFELLESSKAP","2023-06-01","","4001","87.909","","16"
"931665529","931521624","EL OG IT KLUBBEN FOKUS ELEKTRO","2023-06-29","","4602","94.200","",""
"931674005","916024649","CUTTERS AS AVD MANGLERUD","2023-07-03","","0301","96.020","","5"
"931682768","939991034","BARNETEAM BREVIK SYKEHJEM","2023-07-01","","4001","87.302","","11"
"931820435","931682237","STATKRAFT OFFSHORE WIND NORWAY AS","2023-03-29","","0301","00.000","",""
"931904795","931779583","TLNS AS","2023-08-14","","4601","62.020","",""
"932036320","932036312","SNEKKER M. FORMELA AS KONKURSBO","2023-09-07","","5503","","",""
"932062666","916024649","CUTTERS AS AVD RØA","2023-09-26","","0301","96.020","",""
"932317958","932315866","TAMBIEV","2023-10-01","","3209","53.200","",""
"932373327","974793741","KARRIERE MIDT-TROMS","2024-01-01","","5524","85.599","",""
"932402548","932344114","RYSPINN AS","2023-09-28","","1133","13.100","",""
"932443961","932419106","THORGERSEN MASKIN AS","2023-10-02","","3316","43.120","",""
"932471531","932469251","ANDERSEN GLEANCONSULT","2023-09-01","","3240","62.020","",""
"971814403","963028288","MØBLER AS","1967-12-31","","1130","47.591","","7"
"972119601","980577465","KFI EIENDOM AS","1988-01-01","","5605","68.209","",""
"972641235","945112557","NORPORT","1986-09-01","","3907","01.110","",""
"972927961","931536532","OBOS PROSJEKT AS AVD OSLO","1993-05-01","","0301","71.121","","68"
"973086332","939991034","STUDENTSAMSKIPNADEN I SØRØST-NORGE ELVERHØY STUDENTBARNEHAGE","1992-01-01","","4001","88.911","",""
"973242822","916024649","CUTTERS AS AVD STORGATA 6","1965-12-31","","0301","96.020","",""
"973267302","969545721","HOF SAMEIE DA","1965-12-31","","3447","02.200","",""
"973435582","986838988","SAGATUNET LEGESENTER","1987-06-01","","3443","86.211","",""
"973479636","970954406","FUNKSJONSHEMMEDES FELLESORGANISASJON FFO AVD ROGALAND","1990-01-01","","1103","94.991","",""
"973521330","970954406","FUNKSJONSHEMMEDES FELLESORGANISASJON FFO AVD STEINKJER","","","5006","94.991","",""
"973552910","970954406","FUNKSJONSHEMMEDES FELLESORGANISASJON FFO AVD NORDLAND","","","1804","94.991","",""
"973566849","985399077","MATTILSYNET LOKASJON SEM","","","3905","71.200","","11"
"973611984","985399077","MATTILSYNET LOKASJON KLØFTA","","","3209","71.200","","20"
"973672495","970954406","FUNKSJONSHEMMEDES FELLESORGANISASJON FFO AVD MØRE OG ROMSDAL","","","1506","94.991","",""
"973725297","970954406","FUNKSJONSHEMMEDES FELLESORGANISASJON FFO AVD HORDALAND","","","4601","94.991","",""
"973755390","985399077","MATTILSYNET LOKASJON HØNEFOSS","","","3305","71.200","","13"
"973778153","939991034","FILMSENTERET CHARLIE","","","4001","59.140","","15"
"973778307","939991034","PORSGRUNN HELSE- OG AKTIVITETSSENTER","","","4001","88.102","","11"
"973778323","939991034","PORSGRUNN KOMMUNE NYSTRAND OMSORGSBOLIGER","","","4001","87.303","","42"
"973778447","939991034","PORSGRUNN KOMMUNE LEGER","","","4001","86.211","","58"
"973778501","939991034","PORSGRUNN KULTURSKOLE","","","4001","85.521","","41"
"973778749","939991034","PORSGRUNN KOMMUNE KOMMUNALTEKNIKK VEI","","","4001","42.110","","17"
"973812351","985399077","MATTILSYNET LOKASJON ARENDAL","","","4203","71.200","","12"
"973874934","911830868","HEDMARK OG OPPLAND FRIOMSORGSKONTOR AVD KONGSVINGER","","","3401","84.230","",""
"973874942","911830868","HEDMARK OG OPPLAND FRIOMSORGSKONTOR HOVEDKONTOR HAMAR","","","3403","84.230","","30"
"973876546","911830868","HEDMARK OG OPPLAND FRIOMSORGSKONTOR AVD GJØVIK","","","3407","84.230","","6"
"973877283","985399077","MATTILSYNET LOKASJON HAUGALANDET","","","1146","71.200","","23"
"973883631","911830868","OSLO FRIOMSORGSKONTOR","","","0301","84.230","","72"
"973928910","911830868","NORD-TRØNDELAG FRIOMSORGSKONTOR STEINKJER","","","5006","84.230","","14"
"973940554","990689369","RYFYLKE INTERIØR & SOLSKJ SANDANGER","","","1103","93.292","",""
"973953664","985399077","MATTILSYNET LOKASJON NORHEIMSUND","","","4622","71.200","","6"
"973954695","911830868","NORDLAND FRIOMSORGSKONTOR NARVIK","","","1806","84.230","",""
"973954709","911830868","NORDLAND FRIOMSORGSKONTOR MO I RANA","","","1833","84.230","",""
"973954717","911830868","NORDLAND FRIOMSORGSKONTOR SVOLVÆR","","","1865","84.230","",""
"973954725","911830868","BODØ OVERGANGSBOLIG","","","1804","84.230","",""
"973954733","911830868","NORDLAND FRIOMSORGSKONTOR BODØ","","","1804","84.230","","21"
"973968289","911830868","ØSTFOLD FRIOMSORGSKONTOR","","","3107","84.230","","30"
"973989898","911830868","TROMS OG FINNMARK FRIOMSORGSKONTOR AVDELING HAMMERFEST","","","5603","84.230","","5"
"973993224","911830868","TELEMARK FRIOMSORGSKONTOR","","","4003","84.230","","22"
"973996088","985399077","MATTILSYNET LOKASJON KRISTIANSUND N","","","1505","71.200","","6"
"974003066","911830868","HORDALAND FRIOMSORGSKONTOR BERGEN","","","4601","84.230","","41"
"974029146","985399077","MATTILSYNET LOKASJON STØREN MOØYA","","","5027","71.200","","9"
"974056925","974793741","STANGNES RÅ VIDEREGÅENDE SKOLE AVD RÅ","","","5510","85.320","85.310","63"
"974064146","985399077","MATTILSYNET LOKASJON HAMMERFEST","","","5603","71.200","",""
"974066408","985399077","MATTILSYNET LOKASJON KARASJOK","","","5610","71.200","","5"
"974162989","970145311","VINDEREN SENIORSENTER","1984-01-01","","0301","88.103","",""
"974174162","970954406","FUNKSJONSHEMMEDES FELLESORGANISASJON FFO HOVEDKONTOR","","","0301","94.991","","20"
"974308134","911830868","TROMS OG FINNMARK FRIOMSORGSKONTOR AVDELING KIRKENES","","","5605","84.230","",""
"974477912","911830868","ROGALAND FRIOMSORGSKONTOR STAVANGER","1995-04-25","","1103","84.230","","35"
"974546671","974793741","HEGGEN VIDEREGÅENDE SKOLE","","","5503","85.310","","105"
"974546698","974793741","SENJA VIDEREGÅENDE SKOLE AVD FINNFJORDBOTN","","","5530","85.310","","123"
"974546736","974793741","TROMS FYLKESKOMMUNE KOMPETANSEETATEN","","","5501","84.120","","43"
"974546744","974793741","KONGSBAKKEN VIDEREGÅENDE SKOLE","","","5501","85.310","85.594","178"
"974546760","974793741","STANGNES RÅ VIDEREGÅENDE SKOLE AVD STANGNES","","","5503","85.320","85.310","139"
"974546809","974793741","SJØVEGAN VIDEREGÅENDE SKOLE","","","5522","85.310","85.320","74"
"974546817","974793741","BARDUFOSS VIDEREGÅENDE SKOLE","","","5524","85.310","85.320","156"
"974546868","974793741","TROMSDALEN VIDEREGÅENDE SKOLE","","","5501","85.310","","129"
"974546892","974793741","BREIVANG VIDEREGÅENDE SKOLE","","","5501","85.320","85.310","124"
"974546906","974793741","KVALØYA VIDEREGÅENDE SKOLE","","","5501","85.310","85.320","130"
"974546922","974793741","NORDKJOSBOTN VIDEREGÅENDE SKOLE","","","5532","85.320","85.310","58"
"974546949","974793741","NORD-TROMS VIDEREGÅENDE SKOLE AVD SKJERVØY","","","5542","85.320","","8"
"974546957","974793741","NORD-TROMS VIDEREGÅENDE SKOLE AVD NORDREISA","","","5544","85.320","85.310","119"
"974564467","939991034","PORSGRUNN KOMMUNE SENTRALADMINISTRASJON","","","4001","84.110","","73"
"974564505","939991034","PORSGRUNN KOMMUNE PEDAGOGISK-PSYKOLOGISK TJENESTE","","","4001","85.601","","18"
"974564610","939991034","PORSGRUNN KOMMUNE MILJØRETTET HELSEVERN","","","4001","86.904","","7"
"974564629","939991034","PORSGRUNN KOMMUNE FAMILIEHELSETJENESTER","","","4001","86.903","","43"
"974564637","985399077","MATTILSYNET LOKASJON SKIEN","","","4003","71.200","","16"
"974564645","939991034","PORSGRUNN LEGEVAKT","","","4001","86.211","","80"
"974564661","939991034","PORSGRUNN KOMMUNE SOSIAL- OG FLYKTNINGETJENESTEN","","","4001","88.998","","44"
"974564696","939991034","ST HANSÅSEN SYKEHJEM","","","4001","87.102","","127"
"974564726","939991034","MULE SYKEHJEM","","","4001","87.102","","111"
"974564734","939991034","BREVIK SYKEHJEM","","","4001","87.102","","136"
"974564769","939991034","PORSGRUNN KOMMUNE NYSTRAND HJEMMETJENESTER","","","4001","86.901","","128"
"974564785","939991034","PORSGRUNN KOMMUNE KULTURUTVIKLING OG FORMIDLING","","","4001","84.120","","39"
"974564793","939991034","PORSGRUNN BIBLIOTEK","","","4001","91.011","","14"
"974564823","939991034","PORSGRUNN KOMMUNE BYGG- OG EIENDOMSDRIFT","","","4001","81.109","","42"
"974570149","985399077","MATTILSYNET LOKASJON TYNSET","","","3427","71.200","","6"
"974573024","985399077","MATTILSYNET LOKASJON NAMSOS","","","5007","71.200","","9"
"974573709","985399077","MATTILSYNET LOKASJON ÅLESUND","","","1508","71.200","","19"
"974577798","985399077","MATTILSYNET LOKASJON ASKIM","","","3118","71.200","",""
"974582236","985399077","MATTILSYNET LOKASJON LILLEHAMMER","","","3405","71.200","","7"
"974588307","985399077","MATTILSYNET LOKASJON FANNREM","","","5059","71.200","",""
"974589613","970145311","BYDELSADMINISTRASJONEN BYDEL VESTRE AKER","","","0301","84.120","","112"
"974617862","985399077","MATTILSYNET LOKASJON STRANDA","","","1525","71.200","",""
"974633841","985399077","MATTILSYNET LOKASJON LEIRA I VALDRES","","","3451","71.200","","6"
"974702835","911830868","BASTØY FENGSEL","","","3901","84.230","","87"
"974703092","985399077","MATTILSYNET LOKASJON SKI","","","3207","84.130","","70"
"974703165","985399077","MATTILSYNET LOKASJON STAVANGER","","","1103","71.200","","10"
"974705745","911830868","ILA FENGSEL OG FORVARINGSANSTALT","","","3201","84.230","","285"
"974706806","911830868","ROMERIKE FENGSEL","","","3209","84.230","","403"
"974707179","911830868","BREDTVEIT FENGSEL OG FORVARINGSANSTALT","","","0301","84.230","","108"
"974713659","985399077","MATTILSYNET LOKASJON OSLO STENSBERGGATA","","","0301","84.130","","185"
"974714701","911830868","KRIMINALOMSORGENS HØGSKOLE OG UTDANNINGSSENTER KRUS","","","3205","85.429","","405"
"974718618","911830868","KONGSVINGER FENGSEL","","","3401","84.230","","122"
"974718626","911830868","KRIMINALOMSORGEN INNLANDET AVD HØY SIKKERHET GJØVIK","","","3407","84.230","","35"
"974718634","911830868","SARPSBORG FENGSEL","","","3105","84.230","",""
"974718669","911830868","INDRE ØSTFOLD FENGSEL AVDELING EIDSBERG","","","3118","84.230","","10"
"974718677","911830868","HEDMARK FENGSEL AVD ILSENG","","","3413","84.230","","81"
"974718685","911830868","VESTOPPLAND FENGSEL AVD VALDRES","","","3452","84.230","01.460","27"
"974718693","911830868","INDRE ØSTFOLD FENGSEL AVDELING TRØGSTAD","","","3118","84.230","","237"
"974719525","911830868","AGDER FRIOMSORGSKONTOR","","","4204","84.230","","41"
"974719541","911830868","ROGALAND FRIOMSORGSKONTOR HAUGESUND UNDERKONTOR","","","1106","84.230","","11"
"974719568","911830868","MØRE OG ROMSDAL FRIOMSORGSKONTOR MOLDE","","","1506","84.230","","14"
"974719576","911830868","MØRE OG ROMSDAL FRIOMSORGSKONTOR ÅLESUND","","","1508","84.230","","15"
"974719584","911830868","TROMS OG FINNMARK FRIOMSORGSKONTOR AVDELING TROMSØ","","","5501","84.230","","20"
"974719592","911830868","TROMS FRIOMSORGSKONTOR HARSTAD","","","5503","84.230","",""
"974719622","911830868","MØRE OG ROMSDAL FRIOMSORGSKONTOR KRISTIANSUND","","","1505","84.230","",""
"974722399","985399077","MATTILSYNET LOKASJON RUDSHØGDA","","","3411","71.200","","10"
"974722739","985399077","MATTILSYNET LOKASJON BRØNNØYSUND","","","1813","71.200","","5"
"974722909","985399077","MATTILSYNET LOKASJON LEKNES FYGLEVEIEN","","","1860","71.200","",""
"974722941","985399077","MATTILSYNET LOKASJON SORTLAND HAVNEGATA","","","1870","71.200","",""
"974724227","911830868","HEDMARK FENGSEL AVD HAMAR","","","3403","84.230","","34"
"974724618","985399077","MATTILSYNET LOKASJON HUSBYSJØEN","","","5054","71.200","","7"
"974726351","985399077","MATTILSYNET LOKASJON MOLDE","","","1506","71.200","","10"
"974726513","985399077","MATTILSYNET LOKASJON SURNADAL","","","1566","71.200","",""
"974727730","911830868","BERGEN FENGSEL","","","4601","84.230","","253"
"974730103","911830868","SEM FENGSEL","","","3905","84.230","","70"
"974730111","911830868","NORDRE VESTFOLD FENGSEL HORTEN AVDELING","","","3901","84.230","","22"
"974730138","911830868","TELEMARK FENGSEL SKIEN AVDELING","","","4003","84.230","","127"
"974730146","911830868","ARENDAL FENGSEL","","","4203","84.230","",""
"974730154","911830868","NORDRE VESTFOLD FENGSEL HOF AVDELING","","","3903","84.230","",""
"974730197","911830868","TELEMARK FENGSEL KRAGERØ AVDELING","","","4014","84.230","","27"
"974730200","911830868","DRAMMEN FENGSEL","","","3301","84.230","",""
"974731177","985399077","MATTILSYNET LOKASJON GARDERMOEN","","","3209","71.200","",""
"974731193","985399077","MATTILSYNET LOKASJON DAL","","","3240","71.200","","7"
"974735016","985399077","MATTILLSYNET LOKASJON SANDNES JÆRVEIEN","","","1108","84.130","","77"
"974735024","985399077","MATTILSYNET LOKASJON HOMMERSÅK","","","1108","71.200","","8"
"974735091","985399077","MATTILSYNET LOKASJON EGERSUND TENGSAREIDVEIEN","","","1101","71.200","","5"
"974735210","985399077","MATTILSYNET LOKASJON NÆRBØ","","","1119","71.200","",""
"974736888","911830868","ÅNA FENGSEL","","","1119","84.230","","213"
"974736896","911830868","KRISTIANSAND FENGSEL","","","4204","84.230","",""
"974736918","911830868","HAUGESUND FENGSEL","","","1106","84.230","","26"
"974736926","911830868","ÅLESUND FENGSEL","","","1508","84.230","","34"
"974736934","911830868","KRIMINALOMSORGEN HUSTAD FENGSEL","","","1579","84.230","","66"
"974736942","911830868","VIK FENGSEL","","","4639","84.230","","54"
"974736950","911830868","SANDEID FENGSEL","","","1160","84.230","","63"
"974742357","985399077","MATTILSYNET LOKASJON BERGEN BONTELABO","","","4601","71.200","",""
"974742578","985399077","MATTILSYNET LOKASJON FØRDE FIRDAVEGEN","","","4647","71.200","","12"
"974742608","985399077","MATTILSYNET LOKASJON DEKNEPOLLEN","","","4602","71.200","","11"
"974748355","911830868","TRONDHEIM FENGSEL AVD NERMARKA","","","5001","84.230","","208"
"974748363","911830868","VERDAL FENGSEL","","","5038","84.230","","46"
"974748371","911830868","MOSJØEN FENGSEL","","","1824","84.230","","22"
"974748398","911830868","TROMSØ FENGSEL","","","5501","84.230","","96"
"974748401","911830868","VADSØ FENGSEL","","","5607","84.230","","57"
"974750112","985399077","MATTILSYNET LOKASJON TRONDHEIM","","","5001","71.200","","21"
"974750252","985399077","MATTILSYNET LOKASJON RØROS","","","5025","71.200","",""
"974750414","985399077","MATTILSYNET LOKASJON RØRVIK","","","5060","71.200","",""
"974757141","985399077","MATTILSYNET LOKASJON HARSTAD","","","5503","71.200","","11"
"974757168","985399077","MATTILSYNET LOKASJON TROMSØ","","","5501","71.200","","20"
"974757206","985399077","MATTILSYNET LOKASJON FINNSNES","","","5530","71.200","","13"
"974757230","985399077","MATTILSYNET LOKASJON STORSLETT","","","5544","71.200","","6"
"974757338","985399077","MATTILSYNET LOKASJON KIRKENES","","","5605","71.200","","9"
"974799413","911830868","AGDER FRIOMSORGSKONTOR ARENDAL UNDERKONTOR","1974-01-01","","4203","84.230","",""
"974870177","911830868","HORDALAND FRIOMSORGSKONTOR ODDA UNDERKONTOR","","","4618","84.230","",""
"974870185","911830868","HORDALAND FRIOMSORGSKONTOR STORD UNDERKONTOR","","","4614","84.230","",""
"974874962","911830868","KRIMINALOMSORGSDIREKTORATET LILLESTRØM","","","3205","84.230","","111"
"974884364","911830868","SOGN OG FJORDANE FRIOMSORGSKONTOR SOGN","","","4640","84.230","",""
"974886510","911830868","AKERSHUS FRIOMSORGSKONTOR SKI UNDERKONTOR","","","3207","84.230","",""
"974886529","911830868","AKERSHUS FRIOMSORGSKONTOR SANDVIKA UNDERKONTOR","","","3201","84.230","",""
"974886537","911830868","AKERSHUS FRIOMSORGSKONTOR LILLESTRØM","","","3205","84.230","","34"
"974886545","911830868","BUSKERUD OVERGANGSBOLIG OG FRIOMSORGSKONTOR BUSKERUD FRIOMSORGSKONTOR","","","3301","84.230","","33"
"974886553","911830868","BUSKERUD OVERGANGSBOLIG OG FRIOMSORGSKONTOR DRAMMEN OVERGANGSBOLIG","","","3301","84.230","","16"
"974886561","911830868","BUSKERUD FRIOMSORGSKONTOR HØNEFOSS UNDERKONTOR","","","3305","84.230","",""
"975016676","970145311","FRANTSEBRÅTEN BARNEHAGE","1982-01-01","","0301","88.911","","25"
"975269760","986838988","GIMLE SYKEHJEM","1965-12-31","","3443","87.102","","161"
"975277860","939991034","BORGE SKOLE","1969-02-01","","4001","85.201","","58"
"975277879","939991034","BREVIK OPPVEKSTSENTER AVD SKOLE","1969-02-01","","4001","85.201","","30"
"975277887","939991034","GRØNLI SKOLE","1969-02-01","","4001","85.201","","69"
"975277895","939991034","HEISTADSKOLENE AVD BARN","1969-02-01","","4001","85.201","","84"
"975277909","939991034","KLEVSTRAND SKOLE","1969-02-01","","4001","85.201","","40"
"975277917","939991034","LANGANGEN SKOLE","1969-02-01","","4001","85.201","","10"
"975277925","939991034","MYRENE SKOLE","1969-02-01","","4001","85.201","","67"
"975277976","939991034","VESTSIDEN SKOLE","1969-02-01","","4001","85.201","","80"
"975277984","939991034","TVETEN UNGDOMSSKOLE","1969-02-01","","4001","85.201","","71"
"975277992","939991034","KJØLNES UNGDOMSSKOLE","1969-02-01","","4001","85.201","","46"
"975292789","939991034","STRIDSKLEV SKOLE","1972-01-04","","4001","85.201","","82"
"975297810","970145311","HAMBORG BARNEHAGE","1979-01-01","","0301","88.911","","15"
"975297969","970145311","LANDINGSVEIEN BARNEHAGE","1979-01-01","","0301","88.911","","17"
"975298329","970145311","VESTJORDET BARNEHAGE","1979-01-01","","0301","88.911","","14"
"975299287","970145311","HELENES BARNEHAGE","1982-01-01","","0301","88.911","","22"
"975299635","939991034","BRATTÅS SKOLE","1984-08-01","","4001","85.201","","30"
"975307026","939991034","KIRKETJERNET BARNEHAGE","1989-01-01","","4001","88.911","",""
"975307042","939991034","LUNDELIA BARNEHAGE","1989-01-01","","4001","88.911","","20"
"975307050","939991034","LYNGVEGEN BARNEHAGE","1989-01-01","","4001","88.911","","26"
"975316483","970145311","GRINDBAKKEN BARNEHAGE","1989-01-02","","0301","88.911","","15"
"975316505","970145311","HOV - MEKLENBORG BARNEHAGE","1989-01-02","","0301","88.911","","33"
"975316521","970145311","LIABAKKEN BARNEHAGE","1989-01-02","","0301","88.911","","17"
"975316548","970145311","JARBAKKEN BARNEHAGE","1989-01-02","","0301","88.911","","32"
"975316564","970145311","DALSKROKEN BARNEHAGE","1989-01-02","","0301","88.911","","21"
"975320723","939991034","BRATTÅS BARNEHAGE","1990-01-01","","4001","88.911","","16"
"975332241","911830868","SANDAKER OVERGANGSBOLIG","1980-01-01","","0301","84.230","","21"
"975943348","985399077","MATTILSYNET LOKASJON KRISTIANSAND","1996-01-01","","4204","71.200","","20"
"976195973","970954406","FUNKSJONSHEMMEDES FELLESORGANISASJON FFO AVD OSLO","1996-03-07","","0301","94.991","",""
"976639480","985399077","MATTILSYNET LOKASJON HAMAR","1989-01-01","","3403","71.200","",""
"976641078","985399077","MATTILSYNET LOKASJON GJØVIK","1989-01-01","","3407","71.200","","9"
"976641523","985399077","MATTILSYNET LOKASJON OTTA JOHAN NYGÅRDSGATE","1996-04-01","","3437","71.200","","7"
"976641884","986838988","VESTRE TOTEN KOMMUNE LEGETJENESTEN","1971-12-29","","3443","86.211","","17"
"976641892","986838988","RAUFOSS TUN HELSEHUS","1981-01-01","","3443","87.102","","62"
"976641922","986838988","VESTRE TOTEN KOMMUNE LUNDERSVEG DAG- OG AVLASTNINGSSENTER","1996-01-01","","3443","88.102","","99"
"976642503","985399077","MATTILSYNET LOKASJON GOL","1996-01-01","","3324","71.200","","9"
"976643836","939991034","VALLERMYRENE BARNEHAGE","1996-04-01","","4001","88.911","","36"
"976643860","939991034","PORSGRUNN KOMMUNE MILJØARBEIDERTJENESTEN FOR VOKSNE","1996-01-01","","4001","84.120","","7"
"976643895","939991034","TOLKETJENESTEN I GRENLAND","1996-01-01","","4001","74.300","","47"
"976670272","985399077","MATTILSYNET LOKASJON EGERSUND VARBERGVEIEN","1990-01-01","","1101","71.200","",""
"976672828","985399077","MATTILSYNET LOKASJON STORD","1996-04-01","","4614","71.200","","11"
"976679091","985399077","MATTILSYNET LOKASJON LEKNES LEKNESKROKEN","1989-01-01","","1860","71.200","","5"
"976733754","911830868","RINGERIKE FENGSEL","1996-01-01","","3305","84.230","","198"
"976825071","985399077","MATTILSYNET LOKASJON SELJORD","1971-12-29","","4022","71.200","","7"
"976831500","985399077","MATTILSYNET LOKASJON SOGNDAL","1983-11-01","","4640","71.200","","7"
"976831802","985399077","MATTILSYNET LOKASJON LOEN","1989-01-01","","4651","71.200","","7"
"976832558","985399077","MATTILSYNET LOKASJON HITRA","1996-06-01","","5056","71.200","",""
"976833902","985399077","MATTILSYNET LOKASJON BODØ","1990-01-01","","1804","71.200","","13"
"976834232","985399077","MATTILSYNET LOKASJON MOSJØEN","1989-01-01","","1824","71.200","","5"
"976834593","985399077","MATTILSYNET LOKASJON MO I RANA","1989-01-01","","1833","71.200","","5"
"976976258","985399077","MATTILSYNET LOKASJON LEVANGER","1989-01-01","","5037","71.200","","16"
"976980476","985399077","MATTILSYNET LOKASJON VADSØ","1989-01-01","","5607","71.200","",""
"976980948","985399077","MATTILSYNET LOKASJON ALTA","1996-04-01","","5601","71.200","","7"
"977242746","985399077","MATTILSYNET LOKASJON YVEN","1997-01-01","","3105","71.200","","19"
"977498864","981647165","INVENTUM SERVERING AS","1997-01-01","","1106","56.101","","68"
"978082963","969219182","ERIK ØKSNES","1984-04-13","","5006","01.410","",""
"978464017","969816210","HANS SØVIK","1970-09-23","","1146","01.410","",""
"978607233","985399077","MATTILSYNET LOKASJON NARVIK","1971-12-29","","1806","71.200","",""
"978937292","985399077","MATTILSYNET LOKASJON ELVERUM KIRKEVEIEN","","","3420","71.200","","8"
"979149891","986838988","VESTRE TOTEN KOMMUNE FYSIO- OG ERGOTJENESTEN","1997-03-01","","3443","86.902","","19"
"979264607","911830868","KRIMINALOMSORGSDIREKTORATET HORTEN","1997-01-01","","3901","84.230","","38"
"979592787","970145311","ENHET FOR HELSESTASJON OG SKOLEHELSETJENESTE","1988-04-01","","0301","86.903","","57"
"979592795","970145311","NAV VESTRE AKER","1988-04-01","","0301","88.998","","45"
"979592841","970145311","ENHET FOR BARNEVERN","1998-01-20","","0301","88.991","","22"
"979592884","970145311","AVLASTNINGSTJENESTEN BESTILLERKONTORET","1998-01-20","","0301","88.999","","12"
"979592922","970145311","HOVSETER FRITIDSKLUBB","1979-01-01","","0301","88.914","",""
"979592949","970145311","RØA ELDRESENTER","1988-01-01","","0301","88.103","","5"
"979593015","970145311","HJEMMETJENESTEN","1989-01-01","","0301","88.101","86.901","287"
"979593031","970145311","OSLO KOMMUNE BYDEL 7 VESTRE AKER KOMMUNALE LEGER","1998-01-20","","0301","86.211","","5"
"979593058","970145311","FYSIO- OG ERGOTERAPITJENESTEN AVD VOKSNE","1998-01-20","","0301","86.902","",""
"979593090","970145311","VESTRE AKER UTETEAM","1998-01-20","","0301","88.997","","6"
"979593805","985399077","MATTILSYNET LOKASJON OSLO PROF BIRKELANDSVEI","1989-01-01","","0301","71.200","","7"
"979775148","969530996","NILSEN NILS","1995-02-20","","3101","01.460","",""
"980038157","985399077","MATTILSYNET LOKASJON SANDNESSJØEN","1998-08-01","","1820","71.200","","5"
"980617807","985399077","MATTILSYNET LOKASJON LEINESFJORD","1999-01-01","","1848","71.200","",""
"981054733","927280930","HENRIK BULLS VEG 42 AS","1999-04-13","","0301","68.209","",""
"981080386","939991034","BREVIK OPPVEKSTSENTER AVD BARNEHAGE","1997-03-17","","4001","88.911","","37"
"982242657","911830868","KRIMINALOMSORGEN REGION NORD AVD ADMINISTRASJON","2001-01-01","","5001","84.230","","21"
"982348250","911830868","KRIMINALOMSORGEN REGION SØRVEST AVD ADMINISTRASJONEN","2000-08-01","","1108","84.230","","38"
"982348765","911830868","KRIMINALOMSORGEN REGION SØR AVD ADMINISTRASJON","2000-08-01","","3905","84.230","","79"
"982349044","911830868","KRIMINALOMSORGEN REGION VEST AVD ADMINISTRASJON","2000-08-01","","4601","84.230","","19"
"982349419","911830868","KRIMINALOMSORGEN REGION ØST AVD ADMINISTRASJON","2000-08-01","","3205","84.230","","41"
"982461995","982445450","T2 BYGGELEKTRO DA","2000-09-29","","3427","43.210","",""
"982759595","970145311","PLANETVEIEN  BOFELLESSKAP","2000-12-01","","0301","87.203","","25"
"982759617","970145311","FROGNERSETERVEIEN BOFELLESSKAP","2000-12-01","","0301","87.203","","29"
"982759633","970145311","RESSURSENHET FOR BARN OG UNGE","2000-12-01","","0301","85.203","","43"
"982884322","981813286","ZIMA JAN","1998-01-01","","0301","74.300","",""
"983303749","930185930","FERD AS","1995-02-19","","0301","46.739","","76"
"983767621","993351679","STIG LOSEN TRANSPORT AS","2001-10-01","","5028","49.410","","18"
"983796346","939991034","DOKTORLØKKA BOSENTER","2001-09-01","","4001","87.102","","83"
"983884040","939991034","PORSGRUNN KOMMUNE BARNEVERN","2001-11-01","","4001","88.991","","105"
"984001207","939991034","RADEHUSET BARNEHAGE","2001-12-17","","4001","88.911","","15"
"984190638","911830868","ARUPSGATE OVERGANGSBOLIG","2002-01-01","","0301","84.230","","22"
"984269021","984189222","BODIL HOLM","2001-01-01","","5006","01.500","",""
"985063540","939991034","PORSGRUNN VOKSENOPPLÆRINGSSENTER","2002-08-15","","4001","85.594","","31"
"985613915","939991034","PORSGRUNN KOMMUNE VIKARER GRUNNSKOLE/SFO","2003-01-01","","4001","85.201","",""
"985613931","939991034","PORSGRUNN KOMMUNE SPESIAL- PEDAGOGISKE TJENESTER BARNEHAGE","2003-01-01","","4001","85.203","","19"
"985614008","939991034","PORSGRUNN KOMMUNE TOSPRÅKLIG UNDERVISNING","2003-01-01","","4001","85.201","","17"
"985614040","939991034","KLOKKERHOLMEN LEIRSKOLE","2003-01-01","","4001","85.599","","18"
"985838992","974793741","SOSIALE MEDISINSKE INSTITUSJONER - SKOLEN SMI","2003-08-01","","5501","85.320","85.310","34"
"985952841","970145311","AASMUND VINJES VEI BOFELLESSKAP","2003-08-01","","0301","87.203","","30"
"986309152","985399077","MATTILSYNET LOKASJON SORTLAND STRANDGATA","2004-01-01","","1870","84.130","","31"
"986309322","985399077","MATTILSYNET LOKASJON STEINKJER HAMNEGATA 22","2004-01-01","","5006","84.130","","14"
"986309357","985399077","MATTILSYNET LOKASJON BRUMUNDDAL","2004-01-01","","3411","84.130","","91"
"986309381","985399077","MATTILSYNET LOKASJON KAUTOKEINO","2004-01-01","","5612","84.130","",""
"986309578","985399077","MATTILSYNET LOKASJON BERGEN THORMØHLENS GATE","2004-01-01","","4601","84.130","","90"
"986510303","970954406","FUNKSJONSHEMMEDES FELLESORGANISASJON FFO AVD ØSTFOLD","2018-01-01","","3105","94.991","",""
"986743642","985399077","MATTILSYNET LOKASJON BÅTSFJORD","2004-01-01","","5632","71.200","",""
"986743650","985399077","MATTILSYNET LOKASJON OSLO LAKKEGATA","2004-01-01","","0301","71.200","","57"
"986841911","986838988","VESTRE TOTEN KOMMUNE OMSORG ADMINISTRASJON","2004-01-01","","3443","84.120","","20"
"986928413","911830868","TRONDHEIM FENGSEL LEIRA AVDELING","2004-01-01","","5001","84.230","01.190","24"
"986928502","911830868","TRONDHEIM FENGSEL KONGENS GATE AVDELING","2004-01-01","","5001","84.230","",""
"987015764","911830868","BREDTVEIT FENGSEL OG FORVARINGSANSTALT AVD B2","2004-01-01","","0301","84.230","","14"
"987158883","970145311","BLÅKLOKKA DAGSENTER","2004-01-01","","0301","88.102","",""
"987419466","939991034","PORSGRUNN KOMMUNE MILJØARBEIDERTJENESTEN AVD SATURNVEGEN","2004-10-01","","4001","87.304","","194"
"987730161","985399077","MATTILSYNET LOKASJON FØRDE HOLTEMYRANE","2005-01-01","","4647","71.200","","7"
"987735260","985399077","MATTILSYNET LOKASJON OSLO KONGSHAVNVEIEN","2005-01-01","","0301","71.200","",""
"988085618","939991034","TVETEN SKOLE SFO","2004-01-01","","4001","88.913","","17"
"988085723","939991034","BORGE SKOLE SFO","2004-01-01","","4001","88.913","","22"
"988085782","939991034","BREVIK OPPVEKSTSENTER AVD SFO","2004-01-01","","4001","88.913","","8"
"988085820","939991034","GRØNLI SKOLE SFO","2004-01-01","","4001","88.913","","12"
"988085936","939991034","KLEIVSTRAND SKOLE SFO","2004-01-01","","4001","88.913","","12"
"988085952","939991034","LANGANGEN SKOLE SFO","2004-01-01","","4001","88.913","",""
"988085979","939991034","MYRENE SKOLE SFO","2004-01-01","","4001","88.913","","11"
"988086088","939991034","VESTSIDEN SKOLE SFO","2004-01-01","","4001","88.913","","26"
"988086215","939991034","BRATTÅS SKOLE SFO","2004-01-01","","4001","88.913","","9"
"988086495","939991034","PORSGRUNN KOMMUNE FREDNES OMSORGSBOLIG","2004-01-01","","4001","87.303","","23"
"988086568","939991034","GARTNERLØKKA DAGSENTER","2004-01-01","","4001","88.102","","47"
"988086584","939991034","PORSGRUNN KOMMUNE AMUNDAJORDET BOFELLESSKAP","2004-01-01","","4001","87.302","","44"
"988086592","939991034","PORSGRUNN KOMMUNE GRANLIA BOTILTAK","2004-01-01","","4001","87.302","","49"
"988086606","939991034","PORSGRUNN KOMMUNE JUNOVEGEN BOTILTAK","2004-01-01","","4001","87.302","","44"
"988086614","939991034","PORSGRUNN KOMMUNE HESTEHOVEN BOTILTAK","2004-01-01","","4001","87.302","","53"
"988086657","939991034","PORSGRUNN KOMMUNE RØYSKATTLIA BOTILTAK","2004-01-01","","4001","87.302","","56"
"988086665","939991034","PORSGRUNN KOMMUNE MILJØARBEIDERTJENESTEN AVD KLYVEGATA","2004-01-01","","4001","87.302","","25"
"988086711","939991034","PORSGRUNN KOMMUNE HJEMMETJENESTEN SENTRUM","2003-09-15","","4001","86.901","","102"
"988087483","939991034","PORSGRUNN KOMMUNE HJEMMETJENESTEN ØST/VEST","2003-09-15","","4001","86.901","","200"
"988087491","939991034","BOKOLLEKTIV KLYVEGATA","2004-01-01","","4001","86.901","","24"
"988087505","939991034","PORSGRUNN KOMMUNE BYUTVIKLING","2004-01-01","","4001","84.130","","36"
"988088498","939991034","PORSGRUNN KOMMUNE VIKARBANKEN","2003-09-15","","4001","84.130","",""
"988088617","939991034","PORSGRUNN KOMMUNE TJENESTEKONTORET","2003-03-15","","4001","88.101","86.901","19"
"988088862","939991034","PORSGRUNN KOMMUNE HR","2003-09-15","","4001","84.110","","18"
"988089362","939991034","PORSGRUNN KOMMUNE IT","2003-09-15","","4001","84.110","","16"
"988089583","939991034","PORSGRUNN KOMMUNE RENHOLDSAVDELINGEN","2003-09-15","","4001","81.109","","100"
"988189154","970145311","ASLAKVEIEN PSYKIATRI BOFELLESSKAP","2004-01-01","","0301","87.203","","38"
"988189197","970145311","ARNEBRÅTVEIEN BOFELLESSKAP","2004-01-01","","0301","87.203","","41"
"988189243","970145311","SKOLESTIEN BOFELLESSKAP","2004-01-01","","0301","87.203","","20"
"988189383","970145311","BERNHARD HERRES VEI BOFELLESSKAP","2004-01-01","","0301","87.302","","32"
"988189677","970145311","AKTIVITETSSENTERET","2004-01-01","","0301","88.102","","30"
"988189898","970145311","PILOTVEIEN 6 4-6 ETASJE","2004-01-01","","0301","87.302","","50"
"988190438","970145311","HOVSETERVEIEN 88 BOFELLESSKAP","2004-01-01","","0301","87.203","","10"
"988190462","970145311","SØRKEDALSVEIEN 169 BOFELLESSKAP","2004-01-01","","0301","87.203","","26"
"988190489","970145311","ASLAKVEIEN 18 BOFELLESSKAP","2004-01-01","","0301","87.203","",""
"988215708","970145311","ENHET FOR BESTILLER","2005-01-01","","0301","88.101","","20"
"988215724","970145311","OLAV AUKRUSTSVEI BOFELLESSKAP","2004-01-01","","0301","87.303","","27"
"988356700","987469471","BADELANDENE SA","2004-10-12","","3122","93.110","",""
"988364630","970145311","HUSEBY BARNEHAGE","2005-08-01","","0301","88.911","","64"
"988418323","939991034","BARNEHAGEMYNDIGHETEN I PORSGRUNN KOMMUNE","2005-06-01","","4001","88.911","",""
"988952281","939991034","BORGEHAVEN BO- OG REHABILITERINGSSENTER AVD SYKEHJEM","2005-12-01","","4001","87.102","","52"
"988952419","939991034","BORGEHAVEN BO- OG REHABILITERINGSSENTER AVD VELFERD OG AKTIVITET","2005-12-01","","4001","88.102","",""
"988952486","939991034","BORGEHAVEN BO- OG REHABILITERINGSSENTER AVD OMSORGSBOLIGER","2005-12-01","","4001","87.302","","107"
"988952540","939991034","BORGEHAVEN BO- OG REHABILITERINGSSENTER AVD DØGNREHABILITERING","2005-12-01","","4001","86.107","","66"
"988974935","939991034","PORSGRUNN KOMMUNE TRANSPORT OG HJELPEMIDLER","2005-12-01","","4001","88.999","","10"
"989683748","911830868","SENTER FOR NARKOTIKAPROGRAM MED DOMSTOLSKONTROLL I BERGEN ND-SENTER","2006-01-01","","4601","84.230","","5"
"989701649","911830868","RAVNEBERGET FENGSEL","2006-04-01","","3105","84.230","","58"
"989701746","911830868","SENTER FOR NARKOTIKAPROGRAM MED DOMSTOLSKONTROLL I OSLO","2006-01-01","","0301","84.230","","6"
"990187711","911830868","LYDERHORN OVERGANGSBOLIG","2006-10-01","","4601","84.230","","23"
"990352283","990322902","BODØ SENTRUM AS","2006-10-02","","1804","41.109","",""
"990417830","970145311","HOVSTUA FRIVILLIGHETSSENTRAL","1998-06-10","","0301","88.999","",""
"991412239","939991034","PORSGRUNN KOMMUNE PSYKISK HELSE OG RUSOMSORG","2007-06-01","","4001","86.904","","67"
"991673903","939991034","FLÅTTEN BARNEHAGE","2007-11-01","","4001","88.911","","41"
"992136995","992122676","STRALEKS","2008-01-01","","1516","62.010","",""
"992201177","926505807","PHOTO MANIACS AS","2008-01-16","","1508","74.200","",""
"992698063","970145311","PSYKIATRITJENESTEN","2008-05-01","","0301","86.901","88.101","21"
"992874910","985399077","MATTILSYNET LOKASJON BJERKA","2008-07-01","","1832","71.200","","6"
"992874953","985399077","MATTILSYNET LOKASJON ØRSTA","2008-07-01","","1520","71.200","","5"
"993073970","993065919","PC KONSULENT OTTAR KITTELSEN","2008-09-01","","3201","62.020","",""
"993083968","911830868","BODØ FENGSEL AVD FAUSKE","2008-07-01","","1841","84.230","","24"
"993315060","911830868","HALDEN FENGSEL","2008-11-01","","3101","84.230","","283"
"993316059","911830868","KRISTIANSAND FENGSEL SOLHOLMEN OVERGANGSBOLIG","2008-12-01","","4204","84.230","","18"
"993316121","911830868","ARENDAL FENGSEL EVJE AVDELING","2008-12-01","","4219","84.230","","28"
"993505269","939991034","PORSGRUNN KOMMUNE TOPPEN BOFELLESSKAP","2009-01-01","","4001","87.302","","57"
"993642037","985399077","MATTILSYNET LOKASJON SANDEFJORD","2009-02-01","","3907","71.200","","28"
"994394045","970954406","FUNKSJONSHEMMEDES FELLESORGANISASJON FFO AVD VESTFOLD","2010-01-26","","3905","94.991","",""
"994406345","939991034","PORSGRUNN KOMMUNE LILLEBORGE","2009-08-01","","4001","85.202","","22"
"995075474","986838988","VESTRE TOTEN KOMMUNE TYTTEBÆRSTIEN OMSORGSBOLIGER","2010-01-01","","3443","87.203","","60"
"995075520","986838988","VESTRE TOTEN KOMMUNE SUNDSKOGVEGEN OMSORGSBOLIGER","2010-01-01","","3443","87.302","","27"
"995075555","986838988","VESTRE TOTEN KOMMUNE ELVESVINGEN OMSORGBOLIGER","2010-01-01","","3443","87.203","","66"
"995075628","986838988","VESTRE TOTEN KOMMUNE KORTERUDVEGEN OMSORGSBOLIGER","2010-01-01","","3443","87.302","","50"
"995075709","986838988","VESTRE TOTEN KOMMUNE PSYKISK HELSETJENESTE OG RUS","2010-01-01","","3443","88.997","","36"
"995272199","970954406","FUNKSJONSHEMMEDES FELLESORGANISASJON FFO AVD FINNMARK","2018-01-01","","5601","94.991","",""
"995320584","995257734","FRAMBØRRUD EIENDOM AS","2010-03-19","","3416","68.209","",""
"996700402","996678644","DANIELSEN UNGDOMSSKOLE HAUGESUND AS","2011-04-01","","1106","85.201","","26"
"997346459","939991034","PORSGRUNN KOMMUNE ROLANDSVEI BOTILTAK","2011-09-01","","4001","87.302","","44"
"997436261","939991034","PORSGRUNN KOMMUNE FALKEVEIEN BOFELLESSKAP","2011-10-01","","4001","87.909","",""
"997598504","974793741","PPT FOR VIDEREGÅENDE OPPLÆRING AVD SØR-TROMS","2011-10-01","","5544","85.601","",""
"997598563","974793741","OPPFØLGINGSTJENESTEN TROMS","2011-10-01","","5501","85.609","","10"
"997598636","974793741","PPT FOR VIDEREGÅENDE OPPLÆRING AVD TROMSØ","2011-10-01","","5501","85.601","","19"
"997598741","974793741","KARRIERESENTER TROMSØ","2011-10-01","","5501","85.594","","9"
"997615050","986838988","VESTRE TOTEN KOMMUNE GIMLETUN OMSORGSBOLIGER","2011-01-01","","3443","87.302","","71"
"997615093","986838988","VESTRE TOTEN KOMMUNE RAUFOSSTUN OMSORGSBOLIGER","2011-01-01","","3443","87.302","","70"
"997916328","931536532","OBOS PROSJEKT AS AVD INNLANDET","2012-01-01","","3403","71.121","","7"
"997916387","931536532","OBOS PROSJEKT AS AVD VESTFOLD","2012-01-01","","3905","71.121","","5"
"997916395","931536532","OBOS PROSJEKT AS AVD ROGALAND","2012-01-01","","1103","71.121","",""
"998402700","998340403","Å ENERGI FORNYBAR FORVALTNING AS AVD KRISTIANSAND","2012-05-11","","4204","35.140","","64"
"999047718","998340403","Å ENERGI FORNYBAR FORVALTNING AS AVD ARENDAL","2012-06-01","","4203","35.140","","7"
"999157610","970145311","DAGREHABILITERING","2012-11-01","","0301","86.107","",""
"999331750","970145311","FYSIO- OG ERGOTERAPITJENESTEN AVD BARN","2013-01-01","","0301","86.902","",""
"999364233","948852764","BATALDEN HAVBU Gunhild Bjelland","2011-01-01","","4602","55.202","",""
"999371442","962493696","OLE FØRLAND","2011-01-01","","1108","70.220","",""
