tax_reg_ident,legal_unit_tax_reg_ident,name,birth_date,death_date,physical_address_part1,physical_postal_code,physical_postal_place,physical_region_code,physical_country_code_2,postal_address_part1,postal_postal_code,postal_postal_place,postal_region_code,postal_country_code_2,primary_activity_category_code,secondary_activity_category_code,employees
"817050522","953614804","AL BORETTSLAGET NYRUD IV","","","v/Mosjøen og omegn boligbyggelag/nMathias Bruns gate 3","MOSJØEN","8657","1824","NO","","","","","","68.201","",""
"818566212","918500219","BRUMUNDDAL FYSIKALSKE INSTITUTT AS","2017-01-01","","Nygata 22","BRUMUNDDAL","2380","3411","NO","","","","","","86.902","",""
"823569742","918721169","MOSLØYFA HUSEIERLAG","","","Bjørnsrud Skog","DAL","2072","3240","NO","","","","","","94.991","",""
"824232962","992489588","SAMEIET SCHØNINGSGATE 27","","","Schønings gate 27","OSLO","0362","0301","NO","","","","","","","",""
"827576212","974789809","ÅRVIKSAND SKOLE","2021-08-01","","Skolebakken 1","ÅRVIKSAND","9195","5542","NO","","","","","","85.201","","5"
"831718242","931717944","TORGERSENS SKURULAFT","2023-06-29","","Rundetjødn 39","GEILO","3580","3330","NO","","","","","","43.320","",""
"873864052","983518648","AUGLEND BARNEHAGE TILRETTELAGT FOR HØRSELSHEMMEDE","","","Haugåsstubben 1D","STAVANGER","4016","1103","NO","Postboks 355  Forus","STAVANGER","4068","1103","NO","88.911","","47"
"874021512","938772924","HITRA KOMMUNE HELSESØSTERTJENESTEN","","","","HITRA","7239","5056","NO","Hitra kommune/nRådhusveien 1","HITRA","7240","5056","NO","86.903","","11"
"874560332","938772924","NAV HITRA","","","Sentrumsgården","HITRA","7240","5056","NO","Hitra kommune/nRådhusveien 1","HITRA","7240","5056","NO","88.998","",""
"874560472","938772924","HITRA SYKEHJEM","","","","HITRA","7240","5056","NO","Hitra kommune/nRådhusveien 1","HITRA","7240","5056","NO","87.102","","126"
"874611352","983518648","STAVANGER KOMMUNE OPPVEKST OG UTDANNING FORVALTNING","","","Olav Kyrres gate 23","STAVANGER","4005","1103","NO","Postboks 8001","STAVANGER","4068","1103","NO","84.120","","48"
"874611492","983518648","KVALEBERG SKOLE","","","Hillevågsveien 82","STAVANGER","4016","1103","NO","Postboks 8069 Forus","STAVANGER","4068","1103","NO","85.201","","56"
"874611522","983518648","TJENSVOLL SKOLE","","","Tjensvollveien 54","STAVANGER","4021","1103","NO","Postboks 8069 Forus","STAVANGER","4068","1103","NO","85.201","","52"
"874611662","983518648","BYFJORD SKOLE","","","Soltunveien 28","STAVANGER","4026","1103","NO","Postboks 8069 Forus","STAVANGER","4068","1103","NO","85.201","","55"
"874611832","983518648","SKEIE SKOLE","","","Terje Vigens vei 1","HUNDVÅG","4083","1103","NO","Postboks 8069 Forus","STAVANGER","4068","1103","NO","85.201","","67"
"874612162","983518648","SLÅTTHAUG BARNEHAGE","","","Havrestien 12","HAFRSFJORD","4042","1103","NO","Postboks 355","STAVANGER","4068","1103","NO","88.911","","18"
"874612332","983518648","TJENSÅS BARNEHAGE","","","Hemmestveitbakken 11","STAVANGER","4021","1103","NO","Postboks 355 Forus","STAVANGER","4068","1103","NO","88.911","","17"
"874735582","983518648","GAUTESETE SKOLE","","","Heddeveien 143","STAVANGER","4034","1103","NO","Postboks 8069 Forus","STAVANGER","4068","1103","NO","85.201","","53"
"876670372","983518648","GAUSEL SKOLE SFO","1989-01-01","","Gauselbakken 103","STAVANGER","4032","1103","NO","Postboks 8069 Forus","STAVANGER","4068","1103","NO","88.913","","39"
"880613502","983518648","INNFØRINGSBARNEHAGEN JOHANNES LÆRINGSSENTER","1999-01-01","","Haugesundsgata 27","STAVANGER","4014","1103","NO","Postboks 8069 Forus","STAVANGER","4068","1103","NO","88.911","","22"
"883407032","938772924","HITRA KOMMUNE BRANNVESEN","2001-01-01","","","HITRA","7240","5056","NO","Hitra kommune/nRådhusveien 1","HITRA","7240","5056","NO","84.250","","36"
"883977432","974789809","SKJERVØY KOMMUNE PEDAGOGISK-PSYKOLOGISK KONTOR","2001-11-30","","Skoleveien 6","SKJERVØY","9180","5542","NO","Postboks 145","SKJERVØY","9189","5542","NO","85.601","",""
"885810462","985786097","ABBAS MEHRI","1999-06-22","","Haugerudveien 12","OSLO","0674","0301","NO","","","","","","49.320","",""
"887540462","983518648","MOSTERØY SKOLE SFO","2004-01-01","","Vodlaveien 1","MOSTERØY","4156","1103","NO","Postboks 8069 Forus","STAVANGER","4068","1103","NO","88.913","","12"
"887540632","983518648","SJERNARØY OPPVEKSTSENTER AVDELING SFO","2004-01-01","","Aubø","SJERNARØY","4170","1103","NO","Postboks 8069 Forus","STAVANGER","4068","1103","NO","88.913","",""
"888783202","983518648","GODESET SKOLE SFO","2005-01-01","","Folkvangveien 50","STAVANGER","4034","1103","NO","Postboks 8069 Forus","STAVANGER","4068","1103","NO","88.913","","18"
"888783342","983518648","VASSØY SKOLE SFO","2005-01-01","","Vassøy","VASSØY","4076","1103","NO","Postboks 8069 Forus","STAVANGER","4068","1103","NO","88.913","",""
"888786422","983518648","VÅLAND SKOLE SFO","2005-01-01","","Schives gate 21","STAVANGER","4010","1103","NO","Postboks 8069 Forus","STAVANGER","4068","1103","NO","88.913","","32"
"888789642","983518648","MADLAMARK SKOLE SFO","2005-01-01","","Rappveien 17","HAFRSFJORD","4041","1103","NO","Postboks 8069 Forus","STAVANGER","4068","1103","NO","88.913","","24"
"893447172","983518648","KLØVERENG BARNEHAGE","2009-01-01","","Sundeveien 25C","HAFRSFJORD","4049","1103","NO","Postboks 355","STAVANGER","4068","1103","NO","88.911","","24"
"894587482","997090969","JN MASKINSERVICE AS","2009-09-24","","Rundeveien 19","HARSTAD","9415","5503","NO","","","","","","33.120","","5"
"899558952","938772924","HITRA KOMMUNE HITRA HELSETUN BOMILJØ 3","2012-01-01","","","HITRA","7240","5056","NO","Hitra kommune/nRådhusveien 1","HITRA","7240","5056","NO","87.302","",""
"899559622","938772924","HITRA KOMMUNE BARNEBOLIG","2012-01-01","","Fillan","HITRA","7240","5056","NO","Hitra kommune/nRådhusveien 1","HITRA","7240","5056","NO","87.305","",""
"911628732","983518648","BARNEVERN EM ADMINISTRASJON","2013-01-01","","Engelsminnegata 23","STAVANGER","4008","1103","NO","Postboks 8001","STAVANGER","4068","1103","NO","87.909","",""
"911630710","983518648","BARNEVERN EM AVD HAFRSFJORD","2013-01-01","","Ragbakken 70","HAFRSFJORD","4042","1103","NO","Postboks 8001","STAVANGER","4068","1103","NO","87.909","","28"
"911885794","938772924","FORVALTNINGSKONTOR FOR HELSE OG OMSORG, HITRA KOMMUNE","2013-04-01","","Helsetunet","HITRA","7240","5056","NO","Hitra kommune/nRådhusveien 1","HITRA","7240","5056","NO","84.120","","5"
"911885840","938772924","LIVSSTIL- OG FOLKEHELSESENTER HITRA KOMMUNE","2013-04-01","","Helsetunet","HITRA","7240","5056","NO","Rådhusveien 1","HITRA","7240","5056","NO","86.904","",""
"912013804","983518648","SKORPEFJELL BARNEHAGE","2013-05-01","","Kyrkjeveien 63","MOSTERØY","4156","1103","NO","Postboks 355","STAVANGER","4068","1103","NO","88.911","","36"
"912223876","938772924","HITRA KOMMUNE IKT HELSE","2013-07-18","","Helsetunet","HITRA","7240","5056","NO","Hitra kommune/nRådhusveien 1","HITRA","7240","5056","NO","84.110","",""
"912989704","938772924","VINGVÅGEN VASSVERK","2012-01-01","","Rådhusveien 1","HITRA","7240","5056","NO","","","","","","36.000","",""
"913125517","813055082","LEON PROFIL OG GOLFSPORT AS","2014-01-10","","Frydenlundbakken 3","ÅROS","3474","3203","NO","","","","","","46.494","",""
"913402375","938772924","HITRA KOMMUNE PLEIE- OG OMSORGSTJENESTEN HJEMMEHJELP","2014-03-01","","Filllan","HITRA","7240","5056","NO","Hitra kommune/nRådhusveien 1","HITRA","7240","5056","NO","88.101","",""
"913489942","913394720","NAMDALSBUNADEN AS","2014-04-08","","Hudiksvallvegen 24","SPILLUM","7820","5007","NO","","","","","","46.410","",""
"913710509","894887222","ELPUNKT AS AVD HOVDEN","2014-01-01","","Bergli 24","HOVDEN I SETESDAL","4755","4222","NO","","","","","","43.210","",""
"913710541","894887222","ELPUNKT AS AVD VENNESLA","2014-01-01","","Hunsfos Næringspark","VENNESLA","4700","4223","NO","","VENNESLA","4700","4223","NO","43.210","","13"
"914455782","914392810","BERG LEGEKONTOR DA","2014-11-01","","Vinkelveien 7","OSLO","0870","0301","NO","","","","","","86.211","",""
"914978513","914962390","DRAMMEN HUD, KROPP OG FOTPLEIE MAY LISS ONSHUUS","2015-03-01","","Schwenckegata 11","DRAMMEN","3015","3301","NO","Damenga 6C","DRAMMEN","3032","3301","NO","96.020","",""
"915650422","974789809","ÅRVIKSAND BARNEHAGE","2015-08-01","","Ringveien 44","ÅRVIKSAND","9195","5542","NO","","","","","","88.911","",""
"915950795","915865089","ÖSTERÅS HANDELSTRÄDGÅRD","","","","","","","","Österås 207","SE - 88191 SOLLEFTEÅ","","","SE","81.300","",""
"916742789","983518648","HERTERVIGTUNET BARNEHAGE","2016-02-01","","Seehusens gate 4","STAVANGER","4024","1103","NO","Postboks 355","STAVANGER","4068","1103","NO","88.911","","13"
"916887868","938772924","HITRA KOMMUNE BARNEVERNSTJENESTEN","2016-04-01","","","HITRA","7240","5056","NO","Hitra kommune/nRådhusveien 1","HITRA","7240","5056","NO","88.991","","5"
"918379517","918298169","GRAND FYSIOTERAPI","1990-06-01","","Torggata 1","HAMAR","2317","3403","NO","Kavlebruvegen 7","OTTESTAD","2312","3413","NO","86.902","",""
"919239387","981910087","CORTON AS","2016-01-01","","Sykehusveien 10","GJETTUM","1346","3201","NO","","","","","","64.308","",""
"919355980","919260017","MONGE REVISJON OG REGNSKAP","2017-07-03","","Hogstvetveien 16","ÅS","1435","3218","NO","","","","","","69.202","",""
"919490691","919320052","RYFYLKE HANDELSPARK AS","2017-07-05","","Fjellsvegen 72","JØRPELAND","4103","1130","NO","","","","","","41.109","",""
"920207774","919786582","RORI RÅDGIVNING AS","2017-11-01","","Engersand Havn 56","GULLAUG","3427","3312","NO","","","","","","70.220","",""
"920245439","920228860","ISOBYGG KIRKENES AS","2018-01-01","","Arbeidergata 1","KIRKENES","9900","5605","NO","Postboks 362","KIRKENES","9915","5605","NO","43.290","",""
"920273955","974766779","ØYGARDSVATNET BARNEHAGE","2018-01-01","","Ånundskaret 96","ÅLGÅRD","4330","1122","NO","","","","","","88.911","","45"
"920970370","920837069","IVAR SEIP","2018-05-07","","Drammensveien 155","OSLO","0277","0301","NO","","","","","","86.909","",""
"921133235","921073399","BOLIG-MESTEREN AS","2018-06-01","","Hjortefaret 18","KLEPPESTØ","5308","4627","NO","","","","","","68.100","",""
"921519257","821492742","J2D AS","2018-09-01","","Styrilia 39","EIDSVOLL","2080","3240","NO","Tangenvegen 8","FJERDINGBY","2008","3224","NO","62.010","",""
"921564686","983518648","BARNEVERNVAKTEN I STAVANGER","2018-10-01","","Lagårdsveien 6","STAVANGER","4010","1103","NO","Postboks 8001","STAVANGER","4068","1103","NO","88.991","",""
"921752660","983518648","BAMSEFARET ÅPEN BARNEHAGE","2018-12-01","","Heddeveien 141","STAVANGER","4034","1103","NO","","","","","","88.911","",""
"921752849","983518648","STOKKADALEN BARNEHAGE","2007-01-01","","Nedre Stokkavei 44","STAVANGER","4023","1103","NO","Postboks 355","STAVANGER","4068","1103","NO","88.911","","35"
"922121036","995449757","GUNNAR GAASTJØNN TVEIT","2019-01-25","","Tveitvegen 154","TREUNGEN","3855","4030","NO","","","","","","01.420","",""
"922262993","990324824","SAMEIET ENGENE PARK","","","Nedre Torggate 5/7","DRAMMEN","3015","3301","NO","Postboks 1035 Bragernes","DRAMMEN","3001","3301","NO","","",""
"922627444","974789809","PRESTEJORDA BARNEHAGE","2019-05-01","","Kirkegårdsveien 34B","SKJERVØY","9180","5542","NO","","","","","","88.911","","27"
"922880336","922630887","POPPELVEIEN MATKASSE","","","Poppelveien 7I","BJØRKELANGEN","1940","3226","NO","","","","","","94.991","",""
"923002286","998005744","SELJORD TANNLEGEKONTOR","2019-05-01","","Kapteinsgata 2B","SELJORD","3840","4022","NO","","","","","","86.230","",""
"923259465","923244077","SKAANE ARKITEKTUR AS","2019-08-01","","Akersbakken 37A","OSLO","0172","0301","NO","Westye Egebergs gate 4A","OSLO","0177","0301","NO","71.112","",""
"923298312","998397677","LINDELIA BOLIGSAMEIE","","","Kinoveien 3 A","SANDVIKA","1337","3201","NO","Postboks 385","SANDVIKA","1301","3201","NO","","",""
"923344217","983518648","HALSNØY BARNEHAGE","2020-01-01","","Skuleskogen 5","SKARTVEIT","4182","1103","NO","Postboks 355","STAVANGER","4068","1103","NO","88.911","","6"
"923344349","983518648","HESBY BARNEHAGE","2020-01-01","","Steinnesvåg 60","FINNØY","4160","1103","NO","Postboks 355","STAVANGER","4068","1103","NO","88.911","","9"
"923607994","939483136","NORSK LUFTAMBULANSE STIFTELSEN AVD FELT TRONDHEIM","2019-09-01","","Vestre Rosten 114","TILLER","7075","5001","NO","Postboks 414  Sentrum","OSLO","0103","0301","NO","86.907","","71"
"923644857","948588757","AL DALEN BORETTSLAG","","","Varnaveien 34","MOSS","1523","3103","NO","","","","","","68.201","",""
"923690808","996203921","TORNADO Bendz","2019-07-01","","Rennekleiva 33","FØRDE","6812","4647","NO","","","","","","41.200","",""
"924077484","915165540","DJUPMYRA HUS 5","","","Djupmyra 11B","HAMARVIK","7263","5014","NO","","","","","","","",""
"924109815","922619638","SANGSVANELIA BOLIGSAMEIE","","","Sangsvanelia 52A","MAURA","2032","3238","NO","","","","","","","",""
"924137398","950265027","AL BYGGELEVERANDØRENS BORETTSLAG","","","Øvre Torvgate 28","GJØVIK","2815","3407","NO","Postboks 1227","GJØVIK","2806","3407","NO","68.201","",""
"924202181","923130691","MIO MINORITETENES INTERESSEORGANISASJON","","","Idrettsveien 4","SKI","1400","3207","NO","","","","","","94.991","","13"
"924221941","912293688","SOLSIDEVEGEN 64-66","","","Solsidevegen 64-66/nc/o Marianne Heen/nHessavegen 43","ÅLESUND","6006","1508","NO","","","","","","","",""
"924716053","924689129","WEBXON AS","2020-02-01","","c/o José Arturo Leguén Lores/nKrags vei 14A","OSLO","0783","0301","NO","","","","","","62.010","",""
"924845562","924781637","STRANDBAKKEN MASKINDRIFT","2020-03-01","","Smågardsvegen 103","BØVERBRU","2846","3443","NO","","","","","","01.610","",""
"924877391","924821752","HAGAN AS","2020-01-13","","Slependveien 48","SLEPENDEN","1341","3201","NO","","","","","","00.000","",""
"924924845","924896086","ANA KORVALD","2020-04-01","","Vinsvoldveien 310","HOKKSUND","3302","3314","NO","","","","","","43.320","",""
"924935499","924814063","MATHIAS BRATLI","2020-03-01","","Helgådalsvegen 112","VUKU","7660","5038","NO","","","","","","01.610","01.620",""
"925218472","925132047","HERMUS AS","2020-04-28","","Husebybakken 41","OSLO","0379","0301","NO","","","","","","68.209","",""
"925808555","925767719","KHIEM HOLDING AS","2020-10-01","","Spinnerigata 5","DRAMMEN","3041","3301","NO","","","","","","46.370","",""
"926234854","969273187","LINNESTAD ARNE","2019-01-01","","Kjærlighetsstien 18B","TØNSBERG","3112","3905","NO","","","","","","01.130","",""
"926255584","991291989","TERJE VALLESTAD","2019-01-01","","Solagata 7C","STAVANGER","4009","1103","NO","","","","","","90.019","",""
"926529056","826317302","ESSE HOLDING AS","2020-11-20","","Elvegårdsveien 8","NORDKJOSBOTN","9040","5532","NO","","","","","","00.000","",""
"926541781","974766779","GJESDAL KOMMUNE FAMILIESENTER","2017-06-01","","Rettedalen 7","ÅLGÅRD","4330","1122","NO","Rettedalen 1","ÅLGÅRD","4330","1122","NO","88.992","",""
"927578751","974789809","ÅRVIKSAND SKOLE SFO","2021-08-01","","Skolebakken 1","ÅRVIKSAND","9195","5542","NO","","","","","","88.913","",""
"927646900","927618796","AREAL ASFALT AS","2021-08-10","","Jederveien 48","MOSS","1512","3103","NO","","","","","","42.110","","8"
"927724006","969634848","NEDRE ÅSEGG SAMEIE","2021-07-01","","","STEINSDALEN","7740","5020","NO","","","","","","68.320","",""
"927737523","916097999","HEIDI RIMEREIT","2021-05-01","","Admiral Hammerichs vei 12","STAVANGER","4011","1103","NO","","","","","","74.200","",""
"927764628","927762498","GLOPPEN ETTERSØKSRING","2021-09-17","","c/o Alf Erik Røyrvik/nRøyrvikvegen 100","HYEN","6829","4650","NO","","","","","","94.991","",""
"928105741","928082733","ZIMMER INVEST AS","2021-10-18","","Terrasseveien 36B","HØVIK","1363","3201","NO","","","","","","62.020","",""
"929080521","928899977","GAMMELBUTIKKEN I ALSVÅG AS","2022-02-10","","","ALSVÅG","8432","1868","NO","c/o Sigve Bjørnar Hansen/nLifjordveien 1148","ALSVÅG","8432","1868","NO","91.030","",""
"929327535","983518648","EMBO SKOGEN BOFELLESSKAP","2022-06-01","","Torbjørn Hornkloves gate 51","STAVANGER","4010","1103","NO","","","","","","87.909","","32"
"929474600","929219570","AUGUSTA ANDREASSEN","2022-03-25","","Bodenhoffs veg 14","TROMSØ","9009","5501","NO","","","","","","90.011","",""
"929590627","983518648","VEDEN ÅPEN BARNEHAGE","2022-08-18","","Tarjei Vesaas vei 13","STAVANGER","4026","1103","NO","","","","","","88.911","",""
"929896718","914725224","MK KJELLAUG ELLEN BAKKEJORD","2022-05-01","","Heddeveien 80","STAVANGER","4034","1103","NO","","","","","","47.990","",""
"929971000","938772924","HITRA KOMMUNE OPPVEKST","2022-10-01","","Rådhusveien 1","HITRA","7240","5056","NO","","","","","","84.120","","16"
"930010014","983518648","TEKNIKKEN BARNEHAGE","2023-01-01","","Trond Hegnas gate 4","STAVANGER","4011","1103","NO","","","","","","88.911","","96"
"930011215","929990609","FIELDTECH AS","2022-09-15","","Vollsveien 217","EIKSMARKA","1359","3201","NO","","","","","","61.200","","11"
"930044997","983518648","STRØMVIG BARNEHAGE","2023-08-01","","Paradisveien 96","STAVANGER","4012","1103","NO","Postboks 355","STAVANGER","4068","1103","NO","88.911","","14"
"930432954","985761434","ORIGIN DESIGN Naeem Searle","2021-01-01","","Conrad Mohrs veg 34","BERGEN","5072","4601","NO","","","","","","74.102","",""
"930554774","919636696","INDRE ANDØRJA UTVIKLINGSLAG","2022-12-29","","Andørjaveien 560","ÅNSTAD","9454","5514","NO","","","","","","94.991","",""
"930653942","930350524","ONESOURCE AS","2022-12-15","","Kanalarmen 10","STAVANGER","4033","1124","NO","","","","","","82.990","","19"
"930750204","983518648","BARNE- OG FAMILIESENTERET","2023-01-01","","Verksgata 1A","STAVANGER","4013","1103","NO","Postboks 8001","STAVANGER","4068","1103","NO","86.904","","34"
"930983578","930729108","RINGVOLL BOLIGUTVIKLING III AS","2023-01-27","","Prinsens gate 9","MOSS","1530","3103","NO","","","","","","41.109","",""
"931092200","930814059","JARLE PEDERSEN PT","2023-02-01","","Idrettsvegen 18","OS","5210","4624","NO","","","","","","85.510","",""
"931294660","993585998","BREMNES PROSJEKTSERVICE AS","2022-11-01","","Søvollvegen 27","URANGSVÅG","5427","4613","NO","c/o Odd Ivar Vik/nSøvollvegen 25","URANGSVÅG","5427","4613","NO","71.121","",""
"931301675","931053396","M.Ø ANLEGG OG BETONG 2 AS","2023-02-06","","Heddeland Industriområde 15","MARNARDAL","4534","4205","NO","","","","","","43.120","","5"
"931311891","931309633","SKIN IN NEED","2023-04-28","","c/o Emilie Herheim/nRosenvinges vei 14","MOSS","1523","3103","NO","","","","","","94.991","",""
"931714759","931714740","LEGESENTER DAIVIKE AS TVANGSAVVIKLINGSBO","2023-07-12","","Romsveien 28","ASKIM","1815","3118","NO","v/Adv. Unni Rådalen/nPostboks 67","ASKIM","1801","3118","NO","","",""
"931766481","931735993","FISKE LUBETZKY","2023-07-10","","Bjørnøyhavna 10A","HUNDVÅG","4085","1103","NO","","","","","","03.111","",""
"931923862","931829904","T FJETLAND AS","2023-04-30","","c/o Tonje Fjetland/nHebnesvegen 657","HEBNES","4235","1134","NO","","","","","","01.620","",""
"932006154","931946927","ALVERIKET AS","2023-08-03","","Vallegrenda 26","SKODJE","6260","1508","NO","","","","","","96.090","",""
"932230992","932173093","TUSTERVATN LIEN DA","2023-09-19","","Tømmerheia 17","KORGEN","8646","1832","NO","","","","","","68.209","",""
"932565331","932564351","FORENINGEN VERKSTEDET - SENTER FOR SKRIFT OG TRYKK","2023-12-04","","Ringsvegen 9","MOELV","2390","3411","NO","","","","","","94.991","",""
"932673169","992896493","T.J. HOLDING AS","2022-01-01","","Frydenbergveien 60","OSLO","0575","0301","NO","c/o WEBøkonomi AS/nJohan Scharffenbergs vei 91A","OSLO","0694","0301","NO","64.308","",""
"932820986","932790394","ONE WAY COLLECTION AS","2023-10-05","","Paradisveien 87","STAVANGER","4012","1103","NO","","","","","","47.919","",""
"932850729","886032552","CBA FAGFORMIDLING AS AVD VESTFOLD","2024-01-15","","Klinestadmoen 9","SANDEFJORD","3241","3907","NO","","","","","","78.200","",""
"971885165","894887222","ELPUNKT AS AVD KRISTIANSAND","1973-12-01","","Fruktveien 9","KRISTIANSAND S","4635","4204","NO","","","","","","43.210","","15"
"972000760","939483136","STIFTELSEN NORSK LUFTAMBULANSE AVD OSLO","1983-01-01","","Storgata 33","OSLO","0184","0301","NO","Postboks 414 Sentrum","OSLO","0103","0301","NO","86.907","","108"
"972145327","950566299","BOHUS HENRIKSEN KIRKENES","1988-10-27","","Smieveien 2","KIRKENES","9900","5605","NO","Verkstedveien 27","HAMMERFEST","9602","5603","NO","47.591","","10"
"973023837","974789809","EIDEKROKEN BARNEHAGE","1993-07-01","","Lailafjellveien 29","SKJERVØY","9180","5542","NO","","","","","","88.911","",""
"973154710","983518648","MADLAVOLL BARNEHAGE","1989-01-01","","Norvald Frafjords gate 42","HAFRSFJORD","4041","1103","NO","Postboks 355","STAVANGER","4068","1103","NO","88.911","","15"
"973231782","983518648","VARDEN BARNEHAGE","1977-06-01","","Egersundsgata 13","STAVANGER","4015","1103","NO","Postboks 355","STAVANGER","4068","1103","NO","88.911","","22"
"973265059","983518648","VÅLANDSHAUGEN BARNEHAGE","1965-12-31","","Jørgen Moes gate 9","STAVANGER","4011","1103","NO","Postboks 355","STAVANGER","4068","1103","NO","88.911","","32"
"973323830","970222758","ELVEGÅRD ROY-OLE","1973-12-30","","Teppfjellveien 15","ÅGSKARDET","8184","1837","NO","","","","","","41.200","",""
"973326716","998005744","BADEPARKEN TANNKLINIKK","1973-12-24","","Jernbanealleen 13","SANDEFJORD","3210","3907","NO","","","","","","86.230","",""
"973337211","983518648","BARNEHAGEN TASTA","1977-10-10","","Lindeveien 75","STAVANGER","4025","1103","NO","Postboks 355  Forus","STAVANGER","4068","1103","NO","88.911","","16"
"973383418","983518648","EMMAUS BARNEHAGE","1982-01-01","","Rosenli 7","STAVANGER","4015","1103","NO","Postboks 355 Forus","STAVANGER","4068","1103","NO","88.911","","76"
"973383574","983518648","SJERNARØY BARNEHAGE","1982-01-01","","Sjernarøyvegen 898","SJERNARØY","4170","1103","NO","Postboks 8069 Forus","STAVANGER","4068","1103","NO","88.911","","10"
"973480723","971492716","HAREID SANITETSLAG","1990-01-02","","","","","","","v/ Marita Slinning Øvrelid/nPilskogane 16","HJØRUNGAVÅG","6063","1517","NO","88.995","",""
"973485849","983518648","TALGJE BARNEHAGE","1990-08-01","","Talgjevegen 171","TALGJE","4163","1103","NO","Postboks 355","STAVANGER","4068","1103","NO","88.911","","8"
"973712314","918436820","THORSTEIN MOLDEN","","","Moldengutua 26","GRAN","2750","3446","NO","Åsengata 32","OSLO","0480","0301","NO","01.410","",""
"973863266","983518648","HAVGLIMT BARNEHAGE","","","Kvernevik Ring 40","HAFRSFJORD","4049","1103","NO","Postboks 355  Forus","STAVANGER","4068","1103","NO","88.911","","14"
"973863339","983518648","NYMANSVEIEN BARNEHAGE","","","Nymansveien 67","STAVANGER","4014","1103","NO","Postboks 355","STAVANGER","4068","1103","NO","88.911","","19"
"973863347","983518648","SMIETUNET BARNEHAGE","","","Smietunet 80","STAVANGER","4027","1103","NO","Postboks 355","STAVANGER","4068","1103","NO","88.911","","20"
"973863576","983518648","GULLFAKS BARNEHAGE","","","Gullfaksveien 25","STAVANGER","4028","1103","NO","Postboks 355","STAVANGER","4068","1103","NO","88.911","","26"
"973863681","983518648","BARNEVERNSTJENESTEN I STAVANGER","","","Hermetikkgata 5","STAVANGER","4014","1103","NO","Postboks 8001","STAVANGER","4068","1103","NO","88.991","","192"
"973863843","983518648","JOHANNES LÆRINGSSENTER FLERSPRÅKLIGE BARN","","","Haugesundsgata 27","STAVANGER","4014","1103","NO","Postboks 8069 Forus","STAVANGER","4068","1103","NO","85.201","","144"
"973863878","983518648","MARIAMARKA BARNEHAGE","","","Slettmyrveien 10","STAVANGER","4034","1103","NO","Postboks 355","STAVANGER","4068","1103","NO","88.911","","23"
"973863959","983518648","SKEIEHAGEN BARNEHAGE","","","Skeiehagen 37","HUNDVÅG","4083","1103","NO","Postboks 355","STAVANGER","4068","1103","NO","88.911","","43"
"973863967","983518648","VANNASSEN BARNEHAGE","","","Vestvollveien 1","STAVANGER","4017","1103","NO","Postboks 355","STAVANGER","4068","1103","NO","88.911","","11"
"973863975","983518648","TJENSVOLL BARNEHAGE","","","Ole Reistads gate 2","STAVANGER","4021","1103","NO","Postboks 355 Forus","STAVANGER","4068","1103","NO","88.911","","10"
"973864033","983518648","TORSAHAGEN BARNEHAGE","","","Terje Vigens vei 19","HUNDVÅG","4083","1103","NO","Postboks 355","STAVANGER","4068","1103","NO","88.911","","19"
"973864467","983518648","TJENSVOLL SKOLE SFO","","","Tjensvollveien 54","STAVANGER","4021","1103","NO","Postboks 8069 Forus","STAVANGER","4068","1103","NO","88.913","","20"
"973864483","983518648","SMIODDEN ÅPEN BARNEHAGE","","","Storlomveien 11","HAFRSFJORD","4049","1103","NO","Postboks 355","STAVANGER","4068","1103","NO","88.911","",""
"973864637","983518648","STAVANGER KULTURSKOLE","","","Sandvigå 5","STAVANGER","4007","1103","NO","Postboks 8069 Forus","STAVANGER","4068","1103","NO","85.521","","216"
"974021552","938772924","HITRA BIBLIOTEK","","","","HITRA","7240","5056","NO","Hitra kommune/nRådhusveien 1","HITRA","7240","5056","NO","91.011","","5"
"974021579","938772924","HITRA KOMMUNE HELSEAVDELINGEN","","","Fillan","HITRA","7240","5056","NO","Hitra kommune/nRådhusveien 1","HITRA","7240","5056","NO","86.904","","20"
"974021587","938772924","HITRA KULTURSKOLE","","","Hitra Kultursenter/nTorget 10","HITRA","7240","5056","NO","Hitra kommune/nRådhusveien 1","HITRA","7240","5056","NO","85.521","","14"
"974021595","938772924","HITRA KOMMUNE PLEIE- OG OMSORGSTJENESTEN HJEMMESYKEPLEIE","","","","HITRA","7240","5056","NO","Rådhusveien 1","HITRA","7240","5056","NO","86.901","","106"
"974122081","983518648","BOKKASKOGEN BARNEHAGE","1965-12-31","","Rasmus Lølands vei 1","STAVANGER","4009","1103","NO","Postboks 355  Forus","STAVANGER","4068","1103","NO","88.911","","19"
"974123738","981124715","MELHUS REGNSKAP AS","","","Gimsbruvegen 9","MELHUS","7224","5028","NO","","","","","","69.201","","31"
"974187558","983518648","KRABAT BARNEHAGE","1989-01-01","","Kjell Arholms gate 26","STAVANGER","4021","1103","NO","Postboks 355  Forus","STAVANGER","4068","1103","NO","88.911","","33"
"974325543","983518648","SUNDE BARNEHAGE","","","Syftesokbakken 1","HAFRSFJORD","4046","1103","NO","Postboks 355","STAVANGER","4068","1103","NO","88.911","","22"
"974560313","938772924","HITRA KOMMUNE STABSFUNKSJONER","","","Fillan","HITRA","7240","5056","NO","Hitra kommune/nRådhusveien 1","HITRA","7240","5056","NO","84.110","","42"
"974560321","938772924","HITRA KOMMUNE PLAN- OG MILJØAVDELING","","","Fillan","HITRA","7240","5056","NO","Rådhusveien 1","HITRA","7240","5056","NO","84.130","","7"
"974560348","938772924","HITRA KOMMUNE ØKONOMIAVDELINGEN","","","Rådhusveien 1","HITRA","7240","5056","NO","Hitra kommune/nRådhusveien 1","HITRA","7240","5056","NO","84.110","","6"
"974560356","938772924","HITRA KOMMUNE VOKSENOPPLÆRINGEN","","","Guri Kunna Videregående skole","HITRA","7240","5056","NO","Rådhusveien 1","HITRA","7240","5056","NO","85.594","","19"
"974560364","938772924","BARMAN OPPVEKSTSENTER AVD SKOLE","","","Hitterveien 381","MELANDSJØ","7250","5056","NO","Hitra kommune/nRådhusveien 1","HITRA","7240","5056","NO","85.201","","15"
"974560372","938772924","FILLAN SKOLE","","","Rådhusveien 3","HITRA","7240","5056","NO","Rådhusveien 1","HITRA","7240","5056","NO","85.201","","78"
"974560380","938772924","STRAND OPPVEKSTSENTER AVD SKOLE","","","Hestvikveien 51","HESTVIKA","7247","5056","NO","Hitra kommune/nRådhusveien 1","HITRA","7240","5056","NO","85.201","","31"
"974560399","938772924","KNARRLAGSUND OPPVEKSTSENTER AVD SKOLE","","","Opptunveien 1","KNARRLAGSUND","7242","5056","NO","Hitra kommune/nRådhusveien 1","HITRA","7240","5056","NO","85.201","","19"
"974560402","938772924","KVENVÆR OPPVEKSTSENTER AVD SKOLE","","","Vesthitterveien 617","KVENVÆR","7243","5056","NO","Hitra kommune/nRådhusveien 1","HITRA","7240","5056","NO","85.201","",""
"974560437","938772924","FILLAN BARNEHAGE","","","Postveien 7","HITRA","7240","5056","NO","Hitra kommune/nRådhusveien 1","HITRA","7240","5056","NO","88.911","","57"
"974560445","938772924","STRAND OPPVEKSTSENTER AVD BARNEHAGE","","","Hestvikveien 49","HESTVIKA","7247","5056","NO","Rådhusveien 1","HITRA","7240","5056","NO","88.911","","44"
"974560453","938772924","KVENVÆR OPPVEKSTSENTER AVD BARNEHAGE","","","Vesthitterveien 612","KVENVÆR","7243","5056","NO","Hitra kommune/nRådhusveien 1","HITRA","7240","5056","NO","88.911","",""
"974560461","938772924","KNARRLAGSUND OPPVEKSTSENTER AVD BARNEHAGE","","","Opptunveien 1","KNARRLAGSUND","7242","5056","NO","Hitra kommune/nRådhusveien 1","HITRA","7240","5056","NO","88.911","","17"
"974571242","974789809","SKJERVØY KOMMUNE SKOLESJEFENS KONTOR","","","Skoleveien 6","SKJERVØY","9180","5542","NO","Postboks 145","SKJERVØY","9189","5542","NO","84.120","","9"
"974571250","974789809","SKJERVØY BARNESKOLE","","","Skoleveien 26","SKJERVØY","9180","5542","NO","c/o Skjervøy kommune/nPostboks 145","SKJERVØY","9189","5542","NO","85.201","","53"
"974611244","983518648","AUSTBØ SKOLE","","","Austbøsvingene 50","HUNDVÅG","4085","1103","NO","Postboks 8069 Forus","STAVANGER","4068","1103","NO","85.201","","40"
"974611341","983518648","GODESET SKOLE","","","Folkvangveien 50","STAVANGER","4034","1103","NO","Postboks 8069 Forus","STAVANGER","4068","1103","NO","85.201","","60"
"974611376","983518648","ROALDSØY SKOLE","","","Nordvikveien 23A","HUNDVÅG","4085","1103","NO","Postboks 8069 Forus","STAVANGER","4068","1103","NO","85.201","","24"
"974611384","983518648","VASSØY SKOLE","","","Sørstrandveien 38","VASSØY","4076","1103","NO","Postboks 8069 Forus","STAVANGER","4068","1103","NO","85.201","","18"
"974611392","983518648","JOHANNES LÆRINGSSENTER VOKSENOPPLÆRING","","","Haugesundsgata 27","STAVANGER","4014","1103","NO","Postboks 8069 Forus","STAVANGER","4068","1103","NO","85.594","","142"
"974611406","983518648","VARDENES SKOLE","","","Gamle Dusavikveien 4","STAVANGER","4029","1103","NO","Postboks 8069 Forus","STAVANGER","4068","1103","NO","85.201","","44"
"974611414","983518648","BUØY SKOLE","","","Skipsbyggergata 19A","HUNDVÅG","4077","1103","NO","Postboks 8069 Forus","STAVANGER","4068","1103","NO","85.201","","22"
"974611422","983518648","NYLUND SKOLE","","","Nylundsgata 1","STAVANGER","4014","1103","NO","Postboks 8069 Forus","STAVANGER","4068","1103","NO","85.201","","81"
"974611430","983518648","STORHAUG SKOLE","","","Sandeidgata 25","STAVANGER","4012","1103","NO","Postboks 8069 Forus","STAVANGER","4068","1103","NO","85.201","","55"
"974611449","983518648","VÅLAND SKOLE","","","Schives gate 21","STAVANGER","4010","1103","NO","Postboks 8069 Forus","STAVANGER","4068","1103","NO","85.201","","90"
"974611457","983518648","EIGANES SKOLE","","","Dues vei 35","STAVANGER","4023","1103","NO","Postboks 8069 Forus","STAVANGER","4068","1103","NO","85.201","","133"
"974611465","983518648","KAMPEN SKOLE","","","Kampensgata 33","STAVANGER","4024","1103","NO","Postboks 8069 Forus","STAVANGER","4068","1103","NO","85.201","","90"
"974611473","983518648","AUGLEND SKOLE","","","Hjalmar Johansens gate 32","STAVANGER","4019","1103","NO","Postboks 8069 Forus","STAVANGER","4068","1103","NO","85.201","","117"
"974611481","983518648","ULLANDHAUG SKOLE","","","Hjalmar Johansens gate 13","STAVANGER","4019","1103","NO","Postboks 8069 Forus","STAVANGER","4068","1103","NO","85.201","","50"
"974611503","983518648","VAULEN SKOLE","","","Auglendsbakken 27","STAVANGER","4018","1103","NO","Postboks 8069 Forus","STAVANGER","4068","1103","NO","85.201","","99"
"974611511","983518648","JÅTTEN SKOLE","","","Ordfører Askelands gate 11","STAVANGER","4020","1103","NO","Postboks 8069 Forus","STAVANGER","4068","1103","NO","85.201","","98"
"974611538","983518648","TASTA SKOLE","","","Randabergveien 165","STAVANGER","4027","1103","NO","Postboks 8069 Forus","STAVANGER","4068","1103","NO","85.201","","73"
"974611546","983518648","HUNDVÅG SKOLE","","","Hundvågveien 75","HUNDVÅG","4085","1103","NO","Postboks 8069 Forus","STAVANGER","4068","1103","NO","85.201","","71"
"974611562","983518648","MADLAMARK SKOLE","","","Rappveien 17","HAFRSFJORD","4041","1103","NO","Postboks 8069 Forus","STAVANGER","4068","1103","NO","85.201","","138"
"974611570","983518648","HAFRSFJORD SKOLE","","","Madlasandnes 11","HAFRSFJORD","4045","1103","NO","Postboks 8069 Forus","STAVANGER","4068","1103","NO","85.201","","40"
"974611589","983518648","SUNDE SKOLE","","","Sundeveien 10","HAFRSFJORD","4049","1103","NO","Postboks 8069 Forus","STAVANGER","4068","1103","NO","85.201","","43"
"974611597","983518648","KANNIK SKOLE","","","St. Svithuns gate 40","STAVANGER","4009","1103","NO","Postboks 8069 Forus","STAVANGER","4068","1103","NO","85.201","","85"
"974611600","983518648","HINNA SKOLE","","","Ordfører Tveteraas gate 11","STAVANGER","4020","1103","NO","Postboks 8069 Forus","STAVANGER","4068","1103","NO","85.201","","48"
"974611619","983518648","TASTAVEDEN SKOLE","","","Tanke Svilands gate 73","STAVANGER","4007","1103","NO","Postboks 8069 Forus","STAVANGER","4068","1103","NO","85.201","","43"
"974611627","983518648","REVHEIM SKOLE","","","Revheimsveien 128","HAFRSFJORD","4043","1103","NO","Postboks 8069","STAVANGER","4068","1103","NO","85.201","","51"
"974611635","983518648","ST. SVITHUN SKOLE","","","Vikedalsgata 11","STAVANGER","4012","1103","NO","Postboks 8069 Forus","STAVANGER","4068","1103","NO","85.201","","58"
"974611643","983518648","LENDEN SKOLE OG RESSURSSENTER","","","Bratteberggata 18","STAVANGER","4013","1103","NO","Postboks 8069 Forus","STAVANGER","4068","1103","NO","85.202","","39"
"974611651","983518648","KRISTIANSLYST SKOLE","","","Skolevollen 17","STAVANGER","4017","1103","NO","Postboks 8069 Forus","STAVANGER","4068","1103","NO","85.201","","76"
"974611678","983518648","KVERNEVIK SKOLE","","","Heiloveien 11","HAFRSFJORD","4049","1103","NO","Postboks 8069 Forus","STAVANGER","4068","1103","NO","85.201","","76"
"974611686","983518648","GOSEN SKOLE","","","Sophus Bugges gate 13","HAFRSFJORD","4041","1103","NO","Postboks 8069 Forus","STAVANGER","4068","1103","NO","85.201","","83"
"974611694","983518648","PEDAGOGISK-PSYKOLOGISK TJENESTE","","","Torgveien 23","STAVANGER","4016","1103","NO","Postboks 8001","STAVANGER","4068","1103","NO","85.601","","103"
"974611740","983518648","STAVANGER KOMMUNE OPPVEKST OG UTDANNING UNGDOM OG FRITID","","","Nytorget 1","STAVANGER","4012","1103","NO","Postboks 8001","STAVANGER","4068","1103","NO","88.914","","194"
"974611805","983518648","GAUSEL SKOLE","","","Gauselbakken 103","STAVANGER","4032","1103","NO","Postboks 8069 Forus","STAVANGER","4068","1103","NO","85.201","","101"
"974611813","983518648","MADLAVOLL SKOLE","","","Jernalderveien 47","HAFRSFJORD","4041","1103","NO","Postboks 8069 Forus","STAVANGER","4068","1103","NO","85.201","","138"
"974611848","983518648","SMIODDEN SKOLE","","","Alkeveien 19","HAFRSFJORD","4049","1103","NO","Postboks 8001","STAVANGER","4068","1103","NO","85.201","","36"
"974612011","983518648","HELSESTASJON TASTA","","","Tastatunet 1-3","STAVANGER","4027","1103","NO","Postboks 8001","STAVANGER","4068","1103","NO","86.903","","13"
"974612054","983518648","HELSESTASJON HINNA","","","Jåttåvågveien 7","STAVANGER","4020","1103","NO","Postboks 8001","STAVANGER","4068","1103","NO","86.903","","13"
"974612178","983518648","STEINHAGEN BARNEHAGE","","","Johannes' gate 34","STAVANGER","4014","1103","NO","Postboks 355","STAVANGER","4068","1103","NO","88.911","","30"
"974612186","983518648","SKREDBAKKA BARNEHAGE","","","Skredbakka 55","HAFRSFJORD","4048","1103","NO","Postboks 355 Forus","STAVANGER","4068","1103","NO","88.911","","42"
"974612194","983518648","DJUPAMYRÅ BARNEHAGE","","","Heddeveien 22","STAVANGER","4034","1103","NO","Postboks 355  Forus","STAVANGER","4068","1103","NO","88.911","",""
"974612208","983518648","RAMSVIGSKOGEN BARNEHAGE","","","Søre Ramsvigvei 46","STAVANGER","4015","1103","NO","Postboks 355","STAVANGER","4068","1103","NO","88.911","","25"
"974612216","983518648","SANDAL BARNEHAGE","","","Fasanveien 19","HAFRSFJORD","4042","1103","NO","Postboks 355","STAVANGER","4068","1103","NO","88.911","","40"
"974612224","983518648","MALTHAUG BARNEHAGE","","","Malthaugsvingen 11","HAFRSFJORD","4046","1103","NO","Postboks 355  Forus","STAVANGER","4068","1103","NO","88.911","","12"
"974612240","983518648","VASSØY BARNEHAGE","","","Sørstrandveien 30","VASSØY","4076","1103","NO","Postboks 355","STAVANGER","4068","1103","NO","88.911","","13"
"974612259","983518648","MOLKEHOLEN BARNEHAGE","","","Madlamarkveien 4","HAFRSFJORD","4041","1103","NO","Postboks 355","STAVANGER","4068","1103","NO","88.911","","24"
"974612275","983518648","ROALDSØY BARNEHAGE","","","Roaldsøyveien 35","HUNDVÅG","4085","1103","NO","Postboks 355","STAVANGER","4068","1103","NO","88.911","",""
"974612283","983518648","VÅGEN BARNEHAGE","","","Øvre Vågen 11","HUNDVÅG","4085","1103","NO","Postboks 355","STAVANGER","4068","1103","NO","88.911","","25"
"974612291","983518648","ESKELAND BARNEHAGE","","","Ulaveien 7","STAVANGER","4028","1103","NO","Postboks 355","STAVANGER","4068","1103","NO","88.911","","40"
"974612305","983518648","SATELITTEN BARNEHAGE","","","Jupiterveien 22","STAVANGER","4021","1103","NO","Postboks 355","STAVANGER","4068","1103","NO","88.911","","26"
"974612321","983518648","STOKKATUNET BARNEHAGE","","","Christian Skredsvigs vei 25","STAVANGER","4023","1103","NO","Postboks 355","STAVANGER","4068","1103","NO","88.911","","19"
"974612348","983518648","BUØY BARNEHAGE","","","Styrmannsveien 9","HUNDVÅG","4077","1103","NO","Postboks 355","STAVANGER","4068","1103","NO","88.911","","13"
"974612356","983518648","SMIENE BARNEHAGE","","","Stølsbrautene 3","STAVANGER","4027","1103","NO","Postboks 355","STAVANGER","4068","1103","NO","88.911","","17"
"974612364","983518648","HAUGTUSSA BARNEHAGE","","","Åroliljastien 2","STAVANGER","4021","1103","NO","Postboks 355  Forus","STAVANGER","4068","1103","NO","88.911","","10"
"974612372","983518648","STOKKA BARNEHAGE","","","Christian Skredsvigs vei 27","STAVANGER","4023","1103","NO","Postboks 355","STAVANGER","4068","1103","NO","88.911","","52"
"974612380","983518648","VARDENESET BARNEHAGE","","","Gamle Dusavikveien 6","STAVANGER","4029","1103","NO","Postboks 355","STAVANGER","4068","1103","NO","88.911","","22"
"974612399","983518648","GOSEN BARNEHAGE","","","Gosenlund 14","HAFRSFJORD","4041","1103","NO","Postboks 355  Forus","STAVANGER","4068","1103","NO","88.911","","17"
"974612402","983518648","BAMSEFARET BARNEHAGE","","","Heddeveien 137","STAVANGER","4034","1103","NO","Postboks 355  Forus","STAVANGER","4068","1103","NO","88.911","","26"
"974612429","983518648","KVALEBERG BARNEHAGE","","","Flintegata 2A","STAVANGER","4016","1103","NO","Postboks 355","STAVANGER","4068","1103","NO","88.911","","36"
"974612437","983518648","KVERNEVIK BARNEHAGE","","","Alkeveien 8","HAFRSFJORD","4049","1103","NO","Postboks 355","STAVANGER","4068","1103","NO","88.911","","13"
"974612445","983518648","HUSEBØSTYKKET BARNEHAGE","","","Vestrikroken 1","HUNDVÅG","4085","1103","NO","Postboks 355  Forus","STAVANGER","4068","1103","NO","88.911","","25"
"974612496","983518648","STAVANGER KOMMUNE HELSESTASJON OG SKOLEHELSETJENESTEN","","","Mediegården/n3 etasje/nVerksgata 1A","STAVANGER","4013","1103","NO","Postboks 8001","STAVANGER","4068","1103","NO","86.903","","121"
"974612550","983518648","VÅGEDALEN BARNEHAGE","","","Sara Berges gate 15","STAVANGER","4020","1103","NO","Postboks 355","STAVANGER","4068","1103","NO","88.911","","52"
"974617528","983518648","RENNESØY BARNEHAGE","","","Sørbøveien 8","RENNESØY","4150","1103","NO","Postboks 355","STAVANGER","4068","1103","NO","88.911","","15"
"974735512","983518648","KAMPEN BARNEHAGE","","","Bekkelundsgata 3","STAVANGER","4024","1103","NO","Postboks 355 Forus","STAVANGER","4068","1103","NO","88.911","","15"
"974798719","983518648","BJERGSTED BARNEHAGE","1965-12-31","","Rosenberggata 51","STAVANGER","4007","1103","NO","Postboks 355  Forus","STAVANGER","4068","1103","NO","88.911","","42"
"974798735","983518648","BARNAS HUS BARNEHAGE","1977-09-15","","Hjalmar Johansens gate 5","STAVANGER","4019","1103","NO","Postboks 355  Forus","STAVANGER","4068","1103","NO","88.911","",""
"975275272","983518648","RENNESØY SKULE","1969-02-01","","Håvasteinveien 105","RENNESØY","4150","1103","NO","Postboks 8069 Forus","STAVANGER","4068","1103","NO","85.201","","34"
"975275299","983518648","MOSTERØY SKOLE","1969-02-01","","Vodlaveien 1","MOSTERØY","4156","1103","NO","Postboks 8069 Forus","STAVANGER","4068","1103","NO","85.201","","40"
"975275345","983518648","FOGN OPPVEKSTSENTER AVDELING SKULE","1969-02-01","","Liane 1","FOGN","4164","1103","NO","Postboks 8069 Forus","STAVANGER","4068","1103","NO","85.201","","12"
"975275353","983518648","SJERNARØY OPPVEKSTSENTER AVDELING SKULE","1969-02-01","","Sjernarøyvegen 898","SJERNARØY","4170","1103","NO","Postboks 8069 Forus","STAVANGER","4068","1103","NO","85.201","","22"
"975275620","974766779","ÅLGÅRD SKOLE","1969-02-01","","Rettedalen 13","ÅLGÅRD","4330","1122","NO","","","","","","85.201","","67"
"975275639","974766779","GJESDAL UNGDOMSSKOLE","1969-02-01","","Solåsveien 33","ÅLGÅRD","4331","1122","NO","Rettedalen 1","ÅLGÅRD","4330","1122","NO","85.201","","80"
"975275647","974766779","OLTEDAL SKOLE","1969-02-01","","Bygdaveien 54","OLTEDAL","4333","1122","NO","Bygdaveien","OLTEDAL","4333","1122","NO","85.201","","30"
"975275655","974766779","DIRDAL SKOLE","1969-02-01","","Kroveien 270","DIRDAL","4335","1122","NO","","","","","","85.201","","29"
"975289249","983518648","FINNØY SKULE","1965-12-31","","Hagabakken 1","FINNØY","4160","1103","NO","Postboks 8069 Forus","STAVANGER","4068","1103","NO","85.201","","98"
"975293149","974766779","GJESDAL KOMMUNE TJENESTEOMRÅDE OPPVEKST","1972-12-28","","Rettedalen 1","ÅLGÅRD","4330","1122","NO","","","","","","84.120","","16"
"975299651","974766779","BÆRLAND SKOLE","1984-08-01","","Barliveien 5","ÅLGÅRD","4331","1122","NO","Rettedalen 1","ÅLGÅRD","4330","1122","NO","85.201","","49"
"975299821","974789809","SKJERVØY UNGDOMSSKOLE","1985-08-01","","Mellomveien 1","SKJERVØY","9180","5542","NO","c/o Skjervøy kommune/nPostboks 145","SKJERVØY","9189","5542","NO","85.201","","25"
"975300285","974766779","SOLÅS SKOLE","1988-08-01","","Åfaret 4","ÅLGÅRD","4331","1122","NO","Rettedalen 1","ÅLGÅRD","4330","1122","NO","85.201","","75"
"975300374","983518648","OMBO BARNEHAGE","1988-04-01","","Eidssund","OMBO","4187","1103","NO","Postboks 8069 Forus","STAVANGER","4068","1103","NO","88.911","","7"
"975305252","938772924","HITRA KOMMUNE KOMMUNIKASJONSENHETEN","1988-04-01","","Rådhusveien 1","HITRA","7240","5056","NO","","","","","","84.110","","7"
"975308332","974766779","OLTEDAL BARNEHAGE","1989-01-01","","Bygdaveien 67","OLTEDAL","4333","1122","NO","","","","","","88.911","","24"
"975308359","974766779","SOLÅS BARNEHAGE","1989-01-01","","Solåsveien 49","ÅLGÅRD","4331","1122","NO","","","","","","88.911","","18"
"975308480","983518648","BRU BARNEHAGE","1989-01-01","","Bruveien 203","BRU","4158","1103","NO","Postboks 355","STAVANGER","4068","1103","NO","88.911","","24"
"975315045","983518648","HILLEVÅG BARNEHAGE","1989-01-02","","Gerd-Ragna Bloch Thorsens gate 17","STAVANGER","4016","1103","NO","Postboks 355","STAVANGER","4068","1103","NO","88.911","","35"
"975315053","983518648","MAURTUA BARNEHAGE","1989-01-02","","Hjalmar Johansens gate 8","STAVANGER","4019","1103","NO","Postboks 355","STAVANGER","4068","1103","NO","88.911","",""
"975317943","983518648","VESTRE ÅMØY BARNEHAGE","1989-01-01","","Hegrebergveien 60","VESTRE ÅMØY","4152","1103","NO","Postboks 355","STAVANGER","4068","1103","NO","88.911","","15"
"975323471","983518648","BEKKETUNET BARNEHAGE","1992-01-01","","Svend Foyns gate 3","STAVANGER","4019","1103","NO","Postboks 355 Forus","STAVANGER","4068","1103","NO","88.911","",""
"975325814","983518648","HAVHESTEN BARNEHAGE","1993-08-01","","Prof. Olav Hanssens v. 12","STAVANGER","4021","1103","NO","Postboks 355 Forus","STAVANGER","4068","1103","NO","88.911","","20"
"975854337","980845923","SELJA FORLAG AS","1995-07-08","","Fjellvegen 10","FØRDE","6800","4647","NO","","","","","","58.110","","5"
"976670469","983518648","SENTRUM HELSESTASJON","1989-01-01","","Klubbgata 4","STAVANGER","4013","1103","NO","Postboks 8001","STAVANGER","4068","1103","NO","86.903","","27"
"976672321","983518648","FOGN BARNEHAGE","1989-01-01","","Liane 1","FOGN","4164","1103","NO","Postboks 8069 Forus","STAVANGER","4068","1103","NO","88.911","","13"
"976835433","974789809","SKJERVØY FOLKEBIBLIOTEK","1988-04-01","","Strandveien 39","SKJERVØY","9180","5542","NO","c/o Skjervøy kommune/nPostboks 145","SKJERVØY","9189","5542","NO","91.011","",""
"977017297","977000556","HAMARØY SOKN","","","Vestfjordveien 1455","HAMARØY","8294","1875","NO","","","","","","94.910","",""
"977506077","983518648","TEINÅ SKOLE","1997-03-01","","Eldfiskbakken 11","STAVANGER","4028","1103","NO","Postboks 8069 Forus","STAVANGER","4068","1103","NO","85.201","","58"
"977506123","983518648","LASSA SKOLE","1997-03-01","","Rektor Berntsens gate 9","STAVANGER","4022","1103","NO","Postboks 8069 Forus","STAVANGER","4068","1103","NO","85.201","","46"
"978146619","893080732","OLE CHRISTIAN RUTHERFORD","1981-03-04","","Børtevannsveien 65","ISE","1730","3105","NO","","","","","","86.211","01.451",""
"979150237","974766779","BAMSEBO BARNEHAGE","1990-07-01","","Skogveien 4B","ÅLGÅRD","4330","1122","NO","","","","","","88.911","","24"
"979198094","983518648","TYRIHANS BARNEHAGE","1997-01-13","","Dalsetveien 7A","STAVANGER","4018","1103","NO","Postboks 355","STAVANGER","4068","1103","NO","88.911","","23"
"980621898","974766779","GJESDAL KOMMUNE PEDAGOGISK- PSYKOLOGISK TJENESTE","1999-01-01","","Rettedalen 7","ÅLGÅRD","4330","1122","NO","","","","","","85.601","","6"
"980621901","974766779","GJESDAL KULTURSKOLE","1999-01-01","","Rettedalen 4","ÅLGÅRD","4330","1122","NO","Rettedalen 1","ÅLGÅRD","4330","1122","NO","85.521","","21"
"982859778","870564872","MOLVIK TRAKTORSERVICE","1995-02-20","","Bremnesveien 925","BORKENES","9475","5510","NO","","","","","","33.120","",""
"983022286","938772924","HITRA KOMMUNE RENHOLD/VAKTMESTERE","2001-01-01","","Rådhusveien 1","HITRA","7240","5056","NO","Hitra kommune/nRådhusveien 1","HITRA","7240","5056","NO","81.109","","43"
"983083269","983518648","LUNDE SKOLE","2001-01-02","","Lerkeskogen 1","HUNDVÅG","4083","1103","NO","Postboks 8069","STAVANGER","4068","1103","NO","85.201","","50"
"983098274","983060633","PROCESS SERVICE AS","2001-03-08","","Tuftveien 109","SANDE I VESTFOLD","3074","3903","NO","Postboks 2134 Strømsø","DRAMMEN","3003","3301","NO","28.290","","11"
"983402542","938772924","HITRA KOMMUNE UNGDOMSBASE","2001-01-01","","","HITRA","7240","5056","NO","Rådhusveien 1","HITRA","7240","5056","NO","88.914","",""
"983407013","938772924","HITRA KOMMUNE DRIFTSADMINISTRASJON","2001-01-01","","Fillan","HITRA","7240","5056","NO","Hitra kommune/nRådhusveien 1","HITRA","7240","5056","NO","84.130","",""
"983618979","983518648","VIKEVÅG SKULE","2000-08-01","","Sørbøveien 6","RENNESØY","4150","1103","NO","Postboks 8069 Forus","STAVANGER","4068","1103","NO","85.201","","47"
"983937012","974766779","GJESDAL KOMMUNE HELSESTASJONSTJENESTER","2001-11-01","","Rettedalen 11","ÅLGÅRD","4330","1122","NO","","","","","","86.903","","37"
"983937020","974766779","GJESDAL KOMMUNE BARNEVERNSTJENESTEN","2001-11-01","","Rettedalen 11","ÅLGÅRD","4330","1122","NO","","","","","","88.991","","23"
"983973221","983518648","HELSESTASJON FINNØY","2001-11-01","","Judabergvegen 6","FINNØY","4160","1103","NO","Postboks 8001","STAVANGER","4068","1103","NO","86.903","",""
"983977421","974789809","SKJERVØY KULTURSKOLE","2001-11-30","","Skoleveien 2","SKJERVØY","9180","5542","NO","c/o Skjervøy kommune/nPostboks 145","SKJERVØY","9189","5542","NO","85.521","",""
"983983499","983518648","HELSESTASJON RENNESØY","2001-11-01","","Håvasteinveien 4","RENNESØY","4150","1103","NO","Postboks 8001","STAVANGER","4068","1103","NO","86.903","",""
"984034547","983518648","TASTARUSTÅ SKOLE","2002-01-01","","Gjerdeveien 32","STAVANGER","4027","1103","NO","Postboks 8069 Forus","STAVANGER","4068","1103","NO","85.201","","81"
"985162581","985132062","VICTORIA BOLIGINVEST AS","2002-11-01","","Langoddveien 27B","SNARØYA","1367","3201","NO","c/o Omholt/nGrågåsveien 4","OSLO","1187","0301","NO","68.209","",""
"985340951","823050232","DANA BAKERI AS","2003-01-01","","Silurveien 46","OSLO","0380","0301","NO","","","","","","10.710","",""
"986386424","938772924","HITRA KOMMUNE HITRA HELSETUN MERKANTIL FUNKSJON","2004-01-01","","Fillan","HITRA","7240","5056","NO","Rådhusveien 1","HITRA","7240","5056","NO","84.120","",""
"986836195","983518648","OMBO OPPVEKSTSENTER AVDELING SKULE","2002-08-01","","Eidevegen 2-4","OMBO","4187","1103","NO","Postboks 8069 Forus","STAVANGER","4068","1103","NO","85.201","","12"
"987350989","987319992","ST-EIENDOM AS","2004-09-20","","Margrethe Jørgensens vei 12","HARSTAD","9406","5503","NO","Harestien 12","HARSTAD","9407","5503","NO","68.209","",""
"987380071","974789809","SFO SKJERVØY BARNESKOLE","2004-01-01","","Skoleveien 6","SKJERVØY","9180","5542","NO","c/o Skjervøy kommune/nPostboks 145","SKJERVØY","9189","5542","NO","88.913","","21"
"987380187","974789809","SKJERVØY UNGDOMSKLUBB","2003-09-01","","Strandveien 37","SKJERVØY","9180","5542","NO","c/o Skjervøy kommune/nPostboks 145","SKJERVØY","9189","5542","NO","88.914","",""
"987540451","983518648","VIKEVÅG SKULE SFO","2004-01-01","","Sørbøveien 6","RENNESØY","4150","1103","NO","Postboks 8069 Forus","STAVANGER","4068","1103","NO","88.913","","9"
"987540583","983518648","FINNØY SENTRALSKULE SFO","2004-01-01","","Hagabakken 1","FINNØY","4160","1103","NO","Postboks 8069 Forus","STAVANGER","4068","1103","NO","88.913","","15"
"987540591","983518648","FOGN OPPVEKSTSENTER AVDELING SFO","2004-01-01","","Liane 1","FOGN","4164","1103","NO","Postboks 8069 Forus","STAVANGER","4068","1103","NO","88.913","",""
"987540613","983518648","OMBO OPPVEKSTSENTER AVDELING SFO","2004-01-01","","Eidssund","OMBO","4187","1103","NO","Postboks 8069 Forus","STAVANGER","4068","1103","NO","88.913","",""
"988182915","974766779","ÅLGÅRD SKOLE SFO","2004-01-01","","Rettedalen 13","ÅLGÅRD","4330","1122","NO","","","","","","88.913","",""
"988182990","974766779","BÆRLAND SKOLE SFO","2004-01-01","","Barliveien 5","ÅLGÅRD","4331","1122","NO","Postboks 124","ÅLGÅRD","4339","1122","NO","88.913","",""
"988183016","974766779","SOLÅS SKOLE SFO","2004-01-01","","Åfaret 4","ÅLGÅRD","4331","1122","NO","","","","","","88.913","",""
"988183024","974766779","OLTEDAL SKOLE SFO","2004-01-01","","Bygdaveien 54","OLTEDAL","4333","1122","NO","","","","","","88.913","",""
"988183164","974766779","DIRDAL SKOLE SFO","2004-01-01","","Dirdal 50","DIRDAL","4335","1122","NO","Dirdal","DIRDAL","4335","1122","NO","88.913","",""
"988206601","974766779","GJESDAL KOMMUNE VOKSENOPPLÆRINGEN","2005-01-01","","Rettedalen 11","ÅLGÅRD","4330","1122","NO","","","","","","85.594","",""
"988414557","974766779","NESJANE BARNEHAGE","2005-08-01","","Ånundskaret 98","ÅLGÅRD","4330","1122","NO","","","","","","88.911","","23"
"988484555","938772924","KNARRLAGSUND OPPVEKSTSENTER AVD SFO","2005-01-01","","","KNARRLAGSUND","7242","5056","NO","Hitra kommune/nRådhusveien 1","HITRA","7240","5056","NO","88.913","","10"
"988484571","938772924","BARMAN OPPVEKSTSENTER AVD SFO","2005-01-01","","Barman","MELANDSJØ","7250","5056","NO","Rådhusveien 1","HITRA","7240","5056","NO","88.913","","6"
"988484679","938772924","FILLAN SKOLE","2005-01-01","","","HITRA","7240","5056","NO","Hitra kommune/nRådhusveien 1","HITRA","7240","5056","NO","88.913","","19"
"988484687","938772924","KVENVÆR OPPVEKSTSENTER AVD SFO","2005-01-01","","","KVENVÆR","7243","5056","NO","Rådhusveien 1","HITRA","7240","5056","NO","88.913","",""
"988484695","938772924","STRAND OPPVEKSTSENTER AVD SFO","2005-01-01","","","HESTVIKA","7247","5056","NO","Hitra kommune/nRådhusveien 1","HITRA","7240","5056","NO","88.913","","11"
"988768995","938772924","HITRA KOMMUNE FYSIOTERAPITJENESTEN","2004-01-01","","","HITRA","7240","5056","NO","Rådhusveien 1","HITRA","7240","5056","NO","86.902","","10"
"988769282","938772924","HITRA KOMMUNE PSYKISK HELSEARBEID","2004-01-01","","","HITRA","7240","5056","NO","Hitra kommune/nRådhusveien 1","HITRA","7240","5056","NO","86.904","","32"
"988769479","938772924","HITRA KOMMUNE LANDBRUK SKOGBRUK OG OPPDRETT","2004-01-01","","Fillan","HITRA","7240","5056","NO","Rådhusveien 1","HITRA","7240","5056","NO","84.130","",""
"988769592","938772924","HITRA KOMMUNE VANNVERKSTJENESTEN","2004-01-01","","","HITRA","7240","5056","NO","Hitra kommune/nRådhusveien 1","HITRA","7240","5056","NO","36.000","","14"
"988772356","983518648","KVALEBERG SKOLE SFO","2005-01-01","","Hillevågsveien 82","STAVANGER","4016","1103","NO","Postboks 8069 Forus","STAVANGER","4068","1103","NO","88.913","","27"
"988772372","983518648","BYFJORD SKOLE SFO","2005-01-01","","Soltunveien 28","STAVANGER","4026","1103","NO","Postboks 8069 Forus","STAVANGER","4068","1103","NO","88.913","","17"
"988782920","983518648","SKEIE SKOLE SFO","2005-01-01","","Terje Vigens vei 1","HUNDVÅG","4083","1103","NO","Postboks 8069 Forus","STAVANGER","4068","1103","NO","88.913","","24"
"988783161","983518648","LASSA SKOLE SFO","2005-01-01","","Rektor Berntsens gate 9","STAVANGER","4022","1103","NO","Postboks 8069 Forus","STAVANGER","4068","1103","NO","88.913","","18"
"988783188","983518648","AUGLEND SKOLE SFO","2005-01-01","","Hjalmar Johansens gate 32","STAVANGER","4019","1103","NO","Postboks 8069 Forus","STAVANGER","4068","1103","NO","88.913","","50"
"988783331","983518648","ROALDSØY SKOLE SFO","2005-01-01","","Nordvikveien 23A","HUNDVÅG","4085","1103","NO","Postboks 8069 Forus","STAVANGER","4068","1103","NO","88.913","","20"
"988783358","983518648","VAULEN SKOLE SFO","2005-01-01","","Auglendsbakken 27","STAVANGER","4018","1103","NO","Postboks 8069 Forus","STAVANGER","4068","1103","NO","88.913","","41"
"988784826","983518648","VARDENES SKOLE SFO","2005-01-01","","Gamle Dusavikveien 4","STAVANGER","4029","1103","NO","Postboks 8069 Forus","STAVANGER","4068","1103","NO","88.913","","15"
"988786063","983518648","BUØY SKOLE SFO","2005-01-01","","Skipsbyggergata 19A","HUNDVÅG","4077","1103","NO","Postboks 8069 Forus","STAVANGER","4068","1103","NO","88.913","","9"
"988786357","983518648","NYLUND SKOLE SFO","2005-01-01","","Nylundsgata 1","STAVANGER","4014","1103","NO","Postboks 8069 Forus","STAVANGER","4068","1103","NO","88.913","","27"
"988786519","983518648","STORHAUG SKOLE SFO","2005-01-01","","Sandeidgata 25","STAVANGER","4012","1103","NO","Postboks 8069 Forus","STAVANGER","4068","1103","NO","88.913","","22"
"988788279","983518648","EIGANES SKOLE SFO","2005-01-01","","Dues vei 35","STAVANGER","4023","1103","NO","Postboks 8069 Forus","STAVANGER","4068","1103","NO","88.913","","34"
"988788325","983518648","KAMPEN SKOLE SFO","2005-01-01","","Kampensgata 33","STAVANGER","4024","1103","NO","Postboks 8069 Forus","STAVANGER","4068","1103","NO","88.913","","30"
"988788902","983518648","JÅTTEN SKOLE SFO","2005-01-01","","Ordfører Askelands gate 11","STAVANGER","4020","1103","NO","Postboks 8069 Forus","STAVANGER","4068","1103","NO","88.913","","51"
"988788937","983518648","TASTA SKOLE SFO","2005-01-01","","Randabergveien 165","STAVANGER","4027","1103","NO","Postboks 8069 Forus","STAVANGER","4068","1103","NO","88.913","","23"
"988789615","983518648","HUNDVÅG SKOLE SFO","2005-01-01","","Hundvågveien 75","HUNDVÅG","4085","1103","NO","Postboks 8069 Forus","STAVANGER","4068","1103","NO","88.913","","16"
"988789844","983518648","HAFRSFJORD SKOLE SFO","2005-01-01","","Madlasandnes 11","HAFRSFJORD","4045","1103","NO","Postboks 8069 Forus","STAVANGER","4068","1103","NO","88.913","","22"
"988789860","983518648","SUNDE SKOLE SFO","2005-01-01","","Sundeveien 10","HAFRSFJORD","4049","1103","NO","Postboks 8069 Forus","STAVANGER","4068","1103","NO","88.913","","17"
"988789887","983518648","MADLAVOLL SKOLE SFO","2005-01-01","","Jernalderveien 47","HAFRSFJORD","4041","1103","NO","Postboks 8069 Forus","STAVANGER","4068","1103","NO","88.913","","78"
"988854271","983518648","MADLA HELSESTASJON","2005-01-01","","Madlastokken 5","HAFRSFJORD","4042","1103","NO","Postboks 8001","STAVANGER","4068","1103","NO","86.903","","12"
"988855294","983518648","TEINÅ SKOLE SFO","2004-01-01","","Eldfiskbakken 11","STAVANGER","4028","1103","NO","Postboks 8069 Forus","STAVANGER","4068","1103","NO","88.913","","22"
"988873373","983518648","HILLEVÅG HELSESTASJON","2005-01-01","","Gartnerveien 41","STAVANGER","4016","1103","NO","Postboks 8001","STAVANGER","4068","1103","NO","86.903","","12"
"988886483","886032552","CBA FAGFORMIDLING AS AVD OSLO","2005-11-03","","Lørenveien 73A","OSLO","0585","0301","NO","","","","","","78.200","","164"
"988934046","983518648","HELSESTASJON HUNDVÅG","2005-01-01","","Hundvågveien 75","HUNDVÅG","4085","1103","NO","Postboks 8001","STAVANGER","4068","1103","NO","86.903","","5"
"988943924","983518648","KVERNEVIK SKOLE SFO","2004-01-01","","Heiloveien 11","HAFRSFJORD","4049","1103","NO","Postboks 8069 Forus","STAVANGER","4068","1103","NO","88.913","","11"
"988988103","983518648","VÅLAND BARNEHAGE","2005-01-01","","Rogalandsgata 15","STAVANGER","4011","1103","NO","Postboks 355  Forus","STAVANGER","4068","1103","NO","88.911","","5"
"988988294","983518648","HAFRSFJORD ÅPEN BARNEHAGE","2005-01-01","","Regimentveien 30","HAFRSFJORD","4045","1103","NO","Postboks 355","STAVANGER","4068","1103","NO","88.911","",""
"989826956","983518648","ØSTHUSVIK BARNEHAGE","2006-04-01","","Østhusvikveien 570","RENNESØY","4150","1103","NO","Postboks 355","STAVANGER","4068","1103","NO","88.911","","15"
"990233977","974766779","KODLIDALEN BARNEHAGE","2006-08-01","","Åfaret 33","ÅLGÅRD","4331","1122","NO","","","","","","88.911","","23"
"990492883","974766779","GJESDAL KOMMUNE SPESIALPEDAGOGISK TILBUD BARNEHAGENE","2006-11-01","","Rettedalen 1","ÅLGÅRD","4330","1122","NO","","","","","","88.911","",""
"990570795","979182929","LARS-TERJE HOVDEN","2005-01-01","","Gamle Austadvei 71","LYNGDAL","4580","4225","NO","","","","","","41.200","",""
"990818541","889350202","GULL SHIPPING AS","2007-01-01","","Smedvikvegen 18","RØRVIK","7900","5060","NO","","","","","","50.202","",""
"991276939","983518648","HAGATOPPEN BARNEHAGE","2007-02-07","","Hagavegen 23","FINNØY","4160","1103","NO","Postboks 355","STAVANGER","4068","1103","NO","88.911","","25"
"991299319","983518648","SUNDELIA BARNEHAGE","2007-08-01","","Sundelia 26","HAFRSFJORD","4048","1103","NO","Postboks 355","STAVANGER","4068","1103","NO","88.911","","51"
"992552603","983518648","VIKEVÅG BARNEHAGE","2008-08-01","","Håvasteinveien 76","RENNESØY","4150","1103","NO","Postboks 355","STAVANGER","4068","1103","NO","88.911","","19"
"992823917","992815361","MALIN SKJOLDE","2008-06-20","","Christian Michelsens gate 32","OSLO","0568","0301","NO","","","","","","90.012","",""
"993336122","974766779","GILJA BARNEHAGE","2008-09-01","","Kroveien 16","DIRDAL","4335","1122","NO","","","","","","88.911","","15"
"993439495","983518648","BRÅDE BARNEHAGE","2009-01-01","","Storåkerveien 10","HAFRSFJORD","4046","1103","NO","Postboks 355 Forus","STAVANGER","4068","1103","NO","88.911","","29"
"993439584","983518648","SANDVIKVEIEN BARNEHAGE","2009-01-01","","Sandvikveien 13","STAVANGER","4016","1103","NO","Postboks 355","STAVANGER","4068","1103","NO","88.911","","38"
"993439592","983518648","SOLVANG BARNEHAGE","2008-12-08","","Møllegata 66","STAVANGER","4008","1103","NO","Postboks 355","STAVANGER","4068","1103","NO","88.911","","31"
"993447137","983518648","ST. SVITHUN BARNEHAGE","2009-01-01","","Sandsgata 1","STAVANGER","4012","1103","NO","Postboks 355","STAVANGER","4068","1103","NO","88.911","","18"
"993918474","983518648","GAUTESETE BARNEHAGE","2009-04-01","","Heddeveien 165","STAVANGER","4032","1103","NO","Heddeveien 137","STAVANGER","4034","1103","NO","88.911","","26"
"994119990","888686142","VÅGENBÅT EIENDOM AS","2008-01-01","","","AUKRA","6480","1547","NO","","","","","","68.209","",""
"994160214","983518648","LASSAMYRA BARNEHAGE","2009-06-01","","Ytre Eiganesveien 21","STAVANGER","4022","1103","NO","Postboks 355","STAVANGER","4068","1103","NO","88.911","","21"
"994183419","998005744","KVITESEID TANNLEGEKONTOR","2009-05-18","","Garverivegen 19","KVITESEID","3850","4028","NO","","","","","","86.230","",""
"994375911","938772924","BARMAN OPPVEKSTSENTER AVD BARNEHAGE","2009-08-01","","Hitterveien 381","MELANDSJØ","7250","5056","NO","Hitra kommune/nRådhusveien 1","HITRA","7240","5056","NO","88.911","","24"
"994571060","994564145","AGRENIER AS","2009-09-24","","Punktumbakken 6","BRØNNØYSUND","8906","1813","NO","","","","","","68.209","",""
"995404516","995396955","COCOON SKIN AS","2010-03-01","","Bygdøy allé 111","OSLO","0273","0301","NO","","","","","","96.020","","14"
"995646080","995641291","BYGDEVEIEN 24 AS","2010-06-01","","Bygdeveien 24","BORKENES","9475","5510","NO","Postboks 8","BORKENES","9476","5510","NO","68.209","",""
"995728818","995686104","ARTHUR SMENES","2010-06-01","","Utheimsveien 235","AVERØY","6532","1554","NO","","","","","","03.111","",""
"995761556","938772924","HEMNSKJELA OPPVEKSTSENTER AVDELING SKOLE","2010-07-01","","Hemnskjelveien 191","HEMNSKJELA","7256","5056","NO","Hitra kommune/nRådhusveien 1","HITRA","7240","5056","NO","85.201","","8"
"996314901","938772924","HEMNSKJELA OPPVEKSTSENTER AVDELING BARNEHAGE","2010-09-01","","Hemnskjelveien 191","HEMNSKJELA","7256","5056","NO","Hitra kommune/nRådhusveien 1","HITRA","7240","5056","NO","88.911","","7"
"996543587","996514838","MIN HELSEBANK","2011-01-27","","Vestsideveien 64","SANDE I VESTFOLD","3077","3903","NO","Postboks 243","SANDE I VESTFOLD","3071","3903","NO","70.220","",""
"996675262","983518648","JÅTTÅ BARNEHAGE","2011-03-01","","Boremarkveien 2","STAVANGER","4032","1103","NO","Postboks 355 Forus","STAVANGER","4068","1103","NO","88.911","","72"
"996675270","983518648","SØRMARKA ARENA BARNEHAGE","2011-03-01","","Sørmarkveien 22","STAVANGER","4019","1103","NO","Postboks 355","STAVANGER","4068","1103","NO","88.911","","31"
"997332385","997235231","VAKTMESTER LØKEN","2011-08-15","","Barken 6","SANDE I VESTFOLD","3077","3903","NO","","","","","","81.101","",""
"997673204","974789809","SKJERVØY KOMMUNE VOKSENOPPLÆRINGEN","2011-01-01","","Industriveien 2","SKJERVØY","9180","5542","NO","Postboks 250","SKJERVØY","9189","5542","NO","85.594","","11"
"998710030","974766779","FLASSABEKKEN BARNEHAGE","2012-08-01","","Flassabekkveien 2","ÅLGÅRD","4331","1122","NO","","","","","","88.911","","41"
"999129196","942390742","MØREAKSEN AS","2012-11-08","","Grandfjæra 32","MOLDE","6415","1506","NO","","","","","","42.990","",""
"999223710","983518648","BARNEVERN EM AVD GAUSEL","2012-08-01","","Ravperleveien 5A","STAVANGER","4032","1103","NO","Postboks 8001","STAVANGER","4068","1103","NO","87.909","","31"
"999559581","938772924","HITRA KOMMUNE ØYTUN BOFELLESSKAP","2012-01-01","","Fillan","HITRA","7240","5056","NO","Rådhusveien 1","HITRA","7240","5056","NO","87.302","","64"
